doc_id,url,url_confidence,publisher,title,retrieved_at,last_updated,licence,filename,sha256,pages,text_layer
about-medicare-medicare-services-australia,https://www.servicesaustralia.gov.au/about-medicare?context=60092,sibling-link (1.00),Services Australia,About Medicare - Medicare - Services Australia,2026-09-11T16:07:45+10:00,11 September 2025,TO_VERIFY,About Medicare - Medicare - Services Australia.pdf,b2d4d128eacd35dbc15ff0ccf85d528ba658411122423eae1c7754687a7c0192,2,OK
acting-for-someone-with-medicare-medicare-services-australia,https://www.servicesaustralia.gov.au/acting-for-someone-with-medicare?context=60092,sibling-link (1.00),Services Australia,Acting for someone with Medicare - Medicare - Services Australia,2026-09-11T16:11:54+10:00,28 April 2026,TO_VERIFY,Acting for someone with Medicare - Medicare - Services Australia.pdf,da719ef910af113040ced7b6ad61781a4036bbfb34c0068416ed2d8fb2c295df,2,OK
applying-for-an-abn-australian-business-register,https://www.abr.gov.au/business-super-funds-charities/applying-abn,verified,Australian Business Register,Applying for an ABN | Australian Business Register,2026-09-11T16:15:43+10:00,11 Jun 2026,TO_VERIFY,Applying for an ABN _ Australian Business Register.pdf,d8a8d705a08e9ecabc2fa23f82a94f7c66d1055c6e17f310c6ac436ad44006ff,3,OK
bulk-billing-medicare-services-australia,https://www.servicesaustralia.gov.au/bulk-billing?context=60092,sibling-link (1.00),Services Australia,Bulk billing - Medicare - Services Australia,2026-09-11T16:09:55+10:00,1 July 2026,TO_VERIFY,Bulk billing - Medicare - Services Australia.pdf,7ab25f638b261d59dfda7a7fe73ca9745e1e02334156e66fb962447b15c89fa4,3,OK
casual-employment-changes-fair-work-ombudsman,https://www.fairwork.gov.au/about-us/workplace-laws/legislation-changes/closing-loopholes/casual-employment-changes,self-canonical,Fair Work Ombudsman,Casual employment changes - Fair Work Ombudsman,2026-09-11T16:20:23+10:00,not_shown,TO_VERIFY,Casual employment changes - Fair Work Ombudsman.pdf,e48c2a54abf9bafbfb434f24ee127bff52caf4ebcaa4991df73fd8397a24db6c,4,OK
check-visa-details-and-conditions,https://immi.homeaffairs.gov.au/visas/already-have-a-visa/check-visa-details-and-conditions/see-your-visa-conditions,verified,Department of Home Affairs,Check visa details and conditions,2026-09-11T15:54:15+10:00,1 July 2025,TO_VERIFY,Check visa details and conditions.pdf,800a6b0e30da55deb33c1e8def51ad6679f800c70dac246836749e70398c6cef,10,OK
check-visa-details-and-conditions2,https://immi.homeaffairs.gov.au/visas/already-have-a-visa/check-visa-details-and-conditions/conditions-list,verified,Department of Home Affairs,Check visa details and conditions,2026-09-11T15:58:30+10:00,23 February 2026,TO_VERIFY,Check visa details and conditions2.pdf,e1380f618a01bd23953c42359997ea47237c9f205ee52b21fafeb91b6f73ab27,2,OK
children-s-health-care-covered-by-medicare-medicare-services,https://www.servicesaustralia.gov.au/childrens-health-care-covered-medicare?context=60092,PATTERN-INFERRED (check),Services Australia,Children's health care covered by Medicare - Medicare - Services Australia,2026-09-11T16:08:50+10:00,27 May 2026,TO_VERIFY,Children's health care covered by Medicare - Medicare - Services Australia.pdf,41e05334b7a6d5777c11074eb8ca18384e96c45c63d2a0fffc10137f56dbca8c,5,OK
criminalising-wage-underpayments-and-other-issues-fair-work-,https://www.fairwork.gov.au/about-us/workplace-laws/legislation-changes/closing-loopholes/criminalising-wage-underpayments-and-other-issues,self-canonical,Fair Work Ombudsman,Criminalising wage underpayments and other issues - Fair Work Ombudsman,2026-09-11T16:20:01+10:00,not_shown,TO_VERIFY,Criminalising wage underpayments and other issues - Fair Work Ombudsman.pdf,a4fe5e572b3c246d7050fac328fa11bc968664eae8d0898b292ed8d61ce99de5,4,OK
enrolling-in-medicare-medicare-services-australia,https://www.servicesaustralia.gov.au/enrolling-medicare?context=60092,sibling-link (1.00),Services Australia,Enrolling in Medicare - Medicare - Services Australia,2026-09-11T16:06:19+10:00,31 July 2026,TO_VERIFY,Enrolling in Medicare - Medicare - Services Australia.pdf,d81b23d5453ca793b94b68794fc49949a87e1fb0bf01baa95eddd4179ce4e928,5,OK
enrolling-in-medicare-if-you-u2019re-a-new-zealand-citizen-m,https://www.servicesaustralia.gov.au/enrolling-medicare-if-youre-new-zealand-citizen?context=60092,sibling-link (0.83),Services Australia,Enrolling in Medicare if you’re a New Zealand citizen - Medicare - Services Australia,2026-09-11T16:06:59+10:00,24 June 2024,TO_VERIFY,Enrolling in Medicare if you#U2019re a New Zealand citizen - Medicare - Services Australia.pdf,832de8d98b3b904cf2a4a74c9269f64da14847d1b80f6ec4008bda4fa5208cea,3,OK
enrolling-in-medicare-if-you-u2019re-a-temporary-resident-co,https://www.servicesaustralia.gov.au/enrolling-medicare-if-youre-temporary-resident-covered-ministerial-order?context=60092,sibling-link (0.88),Services Australia,Enrolling in Medicare if you’re a temporary resident covered by a Ministerial Order - Medicare - Services Australia,2026-09-11T16:07:12+10:00,17 December 2025,TO_VERIFY,Enrolling in Medicare if you#U2019re a temporary resident covered by a Ministerial Order - Medicare - Services Australia.pdf,a8ca6f9ac99dd59479a58f078038368d43d4059679fa88e66782d3224cb6284b,3,OK
enrolling-in-medicare-if-you-u2019re-an-australian-citizen-m,https://www.servicesaustralia.gov.au/enrolling-medicare-if-youre-australian-citizen?context=60092,sibling-link (0.80),Services Australia,Enrolling in Medicare if you’re an Australian citizen - Medicare - Services Australia,2026-09-11T16:07:05+10:00,30 June 2025,TO_VERIFY,Enrolling in Medicare if you#U2019re an Australian citizen - Medicare - Services Australia.pdf,e158b6d82c8b5bc8e43a14a70ccb3f908ced0a1456de6607c5ed0f1bd74d71bb,4,OK
enrolling-in-medicare-if-you-u2019re-an-australian-permanent,https://www.servicesaustralia.gov.au/enrolling-medicare-if-youre-australian-permanent-resident?context=60092,sibling-link (0.83),Services Australia,Enrolling in Medicare if you’re an Australian permanent resident - Medicare - Services Australia,2026-09-11T16:06:54+10:00,11 July 2025,TO_VERIFY,Enrolling in Medicare if you#U2019re an Australian permanent resident - Medicare - Services Australia.pdf,c3e80e5d85520d92f9217c6065359ff4b649865b538b16c101613880f9d551af,5,OK
enrolling-your-baby-in-medicare-medicare-services-australia,https://www.servicesaustralia.gov.au/enrolling-your-baby-medicare?context=60092,sibling-link (1.00),Services Australia,Enrolling your baby in Medicare - Medicare - Services Australia,2026-09-11T16:07:31+10:00,8 September 2026,TO_VERIFY,Enrolling your baby in Medicare - Medicare - Services Australia.pdf,3502271e6ab7cfb0d026752634710f9fbb1ad422528376ba929e09e726051e28,5,OK
fair-work-system-fair-work-ombudsman,https://www.fairwork.gov.au/about-us/workplace-laws/fair-work-system,self-canonical,Fair Work Ombudsman,Fair Work system - Fair Work Ombudsman,2026-09-11T16:20:52+10:00,not_shown,TO_VERIFY,Fair Work system - Fair Work Ombudsman.pdf,1a455a0eaddaf6c2fe78bb927680d81ed1906beef8700ab1c14752ff24a63d5c,3,OK
getting-medicare-benefits-medicare-services-australia,https://www.servicesaustralia.gov.au/getting-medicare-benefits?context=60092,sibling-link (1.00),Services Australia,Getting Medicare benefits - Medicare - Services Australia,2026-09-11T16:10:35+10:00,27 March 2026,TO_VERIFY,Getting Medicare benefits - Medicare - Services Australia.pdf,17f0d58e8d0a57f7ca2f40ec15e9132133043fad1d9747d3711860a6fac857c2,3,OK
health-care-and-medicare-medicare-services-australia,https://www.servicesaustralia.gov.au/health-care-and-medicare?context=60092,PATTERN-INFERRED (check),Services Australia,Health care and Medicare - Medicare - Services Australia,2026-09-11T16:07:53+10:00,14 November 2025,TO_VERIFY,Health care and Medicare - Medicare - Services Australia.pdf,fc9bf75d441c03d1c396fbb7879501246c80a8ccf538db08dce5f1d3f6abfe71,6,OK
how-you-update-your-name-date-of-birth-or-gender-for-medicar,https://www.servicesaustralia.gov.au/how-you-update-your-name-date-birth-or-gender-for-medicare?context=60092,sibling-link (1.00),Services Australia,"How you update your name, date of birth or gender for Medicare - Medicare - Services Australia",2026-09-11T16:11:03+10:00,2 April 2026,TO_VERIFY,"How you update your name, date of birth or gender for Medicare - Medicare - Services Australia.pdf",a5cd3499242fd756edfbd4689fa89c09f98b584c0e106af035d3ca830f303d4e,5,OK
how-your-medicare-card-and-account-work-medicare-services-au,https://www.servicesaustralia.gov.au/how-your-medicare-card-and-account-work?context=60092,sibling-link (1.00),Services Australia,How your Medicare card and account work - Medicare - Services Australia,2026-09-11T16:10:39+10:00,2 April 2026,TO_VERIFY,How your Medicare card and account work - Medicare - Services Australia.pdf,c3770dc86e29be2845658c3bf05aaec897ed3a898fe8a06ff3451890df28badb,2,OK
i-m-a-migrant-worker-being-treated-unfairly-fair-work-ombuds,https://www.fairwork.gov.au/workplace-problems/common-workplace-problems/im-a-migrant-worker-being-treated-unfairly,self-canonical,Fair Work Ombudsman,I'm a migrant worker being treated unfairly - Fair Work Ombudsman,2026-09-11T16:18:59+10:00,not_shown,TO_VERIFY,I'm a migrant worker being treated unfairly - Fair Work Ombudsman.pdf,d3afd2b3a2864d600dbe6f97fc9d596e9e99fe0558deba86bda8e22abb3d9906,3,OK
i-m-not-getting-pay-slips-fair-work-ombudsman,https://www.fairwork.gov.au/workplace-problems/common-workplace-problems/im-not-getting-pay-slips,self-canonical,Fair Work Ombudsman,I'm not getting pay slips - Fair Work Ombudsman,2026-09-11T16:18:44+10:00,not_shown,TO_VERIFY,I'm not getting pay slips - Fair Work Ombudsman.pdf,828686ca95474d1a7e0c77e3217cde3b5e4589a723199dce8113c1d1cbc1429c,3,OK
medical-costs-medicare-services-australia,https://www.servicesaustralia.gov.au/medical-costs?context=60092,sibling-link (1.00),Services Australia,Medical costs - Medicare - Services Australia,2026-09-11T16:10:07+10:00,16 July 2026,TO_VERIFY,Medical costs - Medicare - Services Australia.pdf,8dcb6626adc77defcc49d3f8960695375cf594c65c7f1c7bfc6d7d9b531bf04c,4,OK
medicare-two-way-medicare-services-australia,https://www.servicesaustralia.gov.au/medicare-two-way?context=60092,sibling-link (1.00),Services Australia,Medicare Two-way - Medicare - Services Australia,2026-09-11T16:10:23+10:00,15 October 2025,TO_VERIFY,Medicare Two-way - Medicare - Services Australia.pdf,285cefdfeb9d9088aa10183fbe541fac9a0c8177d578ab8352a8f49747e98ea3,3,OK
medicare-and-tax-medicare-services-australia,https://www.servicesaustralia.gov.au/medicare-and-tax?context=60092,sibling-link (1.00),Services Australia,Medicare and tax - Medicare - Services Australia,2026-09-11T16:10:00+10:00,22 October 2025,TO_VERIFY,Medicare and tax - Medicare - Services Australia.pdf,55178a0f5e278c5d6c7167b8ca6f91dca5b8c51422c8e4bc213e5a093202c67c,3,OK
medicare-claims-medicare-services-australia,https://www.servicesaustralia.gov.au/medicare-claims?context=60092,sibling-link (1.00),Services Australia,Medicare claims - Medicare - Services Australia,2026-09-11T16:09:31+10:00,14 November 2025,TO_VERIFY,Medicare claims - Medicare - Services Australia.pdf,cedccb73c857dcd0f86a04f15cfeb4d4c2b732c95c70cc0ffb10875a34439462,6,OK
medicare-services-for-aboriginal-and-torres-strait-islander-,https://www.servicesaustralia.gov.au/medicare-services-for-aboriginal-and-torres-strait-islander-australians?context=60092,sibling-link (1.00),Services Australia,Medicare services for Aboriginal and Torres Strait Islander Australians - Medicare - Services Australia,2026-09-11T16:08:58+10:00,28 April 2026,TO_VERIFY,Medicare services for Aboriginal and Torres Strait Islander Australians - Medicare - Services Australia.pdf,8c3b62ffcf85d70715790e98996eb32717a82d10ff86569ca493f7d334597069,3,OK
medicare-services-for-conceiving-pregnancy-and-birth-medicar,https://www.servicesaustralia.gov.au/medicare-services-for-conceiving-pregnancy-and-birth?context=60092,sibling-link (1.00),Services Australia,"Medicare services for conceiving, pregnancy and birth - Medicare - Services Australia",2026-09-11T16:08:41+10:00,27 May 2026,TO_VERIFY,"Medicare services for conceiving, pregnancy and birth - Medicare - Services Australia.pdf",76e4f9e16bc82435f1023582481cdae3dadba188b6209fb8763b05ba93fac2a6,4,OK
medicare-services-for-rural-and-remote-australians-medicare-,https://www.servicesaustralia.gov.au/medicare-services-for-rural-and-remote-australians?context=60092,sibling-link (1.00),Services Australia,Medicare services for rural and remote Australians - Medicare - Services Australia,2026-09-11T16:09:04+10:00,15 October 2025,TO_VERIFY,Medicare services for rural and remote Australians - Medicare - Services Australia.pdf,1da8dec6ff441fa4d9cadade2ae1e47951bdd01510db1823e62513e6905e2d94,4,OK
medicine-and-medicare-medicare-services-australia,https://www.servicesaustralia.gov.au/medicine-and-medicare?context=60092,sibling-link (1.00),Services Australia,Medicine and Medicare - Medicare - Services Australia,2026-09-11T16:08:02+10:00,5 September 2025,TO_VERIFY,Medicine and Medicare - Medicare - Services Australia.pdf,e6c74b85e33f295270487d30af5f1a0bbb3171483ffb42c25285f70b7c9f2e37,3,OK
mental-health-care-and-medicare-medicare-services-australia,https://www.servicesaustralia.gov.au/mental-health-care-and-medicare?context=60092,verified,Services Australia,Mental health care and Medicare - Medicare - Services Australia,2026-09-11T16:08:10+10:00,15 August 2025,TO_VERIFY,Mental health care and Medicare - Medicare - Services Australia.pdf,45cf2e00f8f31b227774dde95631129ac93e8c678abf88fc9a003f56ac54151c,5,OK
my-pay-doesn-t-seem-right-fair-work-ombudsman,https://www.fairwork.gov.au/workplace-problems/common-workplace-problems/my-pay-doesnt-seem-right,self-canonical,Fair Work Ombudsman,My pay doesn't seem right - Fair Work Ombudsman,2026-09-11T16:18:38+10:00,not_shown,TO_VERIFY,My pay doesn't seem right - Fair Work Ombudsman.pdf,79ec278ba2df6c3b574cd8dcdfe6a7d03a272bad448c3998c83022f3d4077354,3,OK
orientation-rmit-university,https://www.rmit.edu.au/students/new-students/orientation,verified,RMIT University,Orientation - RMIT University,2026-09-11T16:26:56+10:00,not_shown,TO_VERIFY,Orientation - RMIT University.pdf,b8e8b3542a6a401c660d770f8324cc90c1e43d5e18a9f516b31632d19e3a0bfa,13,OK
other-medicare-support-medicare-services-australia,https://www.servicesaustralia.gov.au/other-medicare-support?context=60092#longtermconditions,sibling-link (1.00),Services Australia,Other Medicare support - Medicare - Services Australia,2026-09-11T16:08:30+10:00,15 October 2025,TO_VERIFY,Other Medicare support - Medicare - Services Australia.pdf,b5c63cea8b1cfbb4c8fc5b1b95da2bdba4e33fc72612dd34121240310240a77d,5,OK
private-health-insurance-and-medicare-medicare-services-aust,https://www.servicesaustralia.gov.au/private-health-insurance-and-medicare?context=60092,sibling-link (1.00),Services Australia,Private health insurance and Medicare - Medicare - Services Australia,2026-09-11T16:10:15+10:00,15 August 2025,TO_VERIFY,Private health insurance and Medicare - Medicare - Services Australia.pdf,a2dcc2c5d2989151e67eb7a763ab425deff3e03015365179b731be3670448294,5,OK
proof-of-payment-for-a-medicare-claim-medicare-services-aust,https://www.servicesaustralia.gov.au/proof-payment-for-medicare-claim?context=60092,sibling-link (1.00),Services Australia,Proof of payment for a Medicare claim - Medicare - Services Australia,2026-09-11T16:09:43+10:00,17 November 2022,TO_VERIFY,Proof of payment for a Medicare claim - Medicare - Services Australia.pdf,e2c7c828f6ef81e477b2898f68122a120190eaea35d159a3782c37ecf77d8dd3,8,OK
returning-to-your-home-country-australian-taxation-office,https://www.ato.gov.au/individuals-and-families/coming-to-australia-or-going-overseas/coming-to-australia/returning-to-your-home-country,verified,Australian Taxation Office,Returning to your home country | Australian Taxation Office,2026-09-11T16:17:52+10:00,not_shown,TO_VERIFY,Returning to your home country _ Australian Taxation Office.pdf,164e41d4472bff8d03ab48db4f488105f0f6fd1993e0785cd2048f30168481ec,4,NO TEXT LAYER - re-save from Chrome
screening-tests-and-scans-covered-by-medicare-medicare-servi,https://www.servicesaustralia.gov.au/screening-tests-and-scans-covered-medicare?context=60092,sibling-link (1.00),Services Australia,"Screening, tests and scans covered by Medicare - Medicare - Services Australia",2026-09-11T16:08:18+10:00,14 November 2025,TO_VERIFY,"Screening, tests and scans covered by Medicare - Medicare - Services Australia.pdf",af9be893f9a5bb7a5b22fda8f9f80953f4422c956c29b0a2f823f1a7896994c3,5,OK
set-up-or-cancel-a-medicare-acting-arrangement-medicare-serv,https://www.servicesaustralia.gov.au/set-up-or-cancel-medicare-acting-arrangement?context=60092,sibling-link (1.00),Services Australia,Set up or cancel a Medicare acting arrangement - Medicare - Services Australia,2026-09-11T16:12:03+10:00,2 April 2026,TO_VERIFY,Set up or cancel a Medicare acting arrangement - Medicare - Services Australia.pdf,3e6f420a0eabb3b1613dfa855822edb373c90adc642d408db30bee840fcd4ece,3,OK
someone-to-act-for-you-with-medicare-medicare-services-austr,https://www.servicesaustralia.gov.au/someone-act-for-you-with-medicare?context=60092,PATTERN-INFERRED (check),Services Australia,Someone to act for you with Medicare - Medicare - Services Australia,2026-09-11T16:11:47+10:00,28 April 2026,TO_VERIFY,Someone to act for you with Medicare - Medicare - Services Australia.pdf,398c31916ccff7a98ad3107c728b264843b358ee1fc03acd6c8098884500538e,2,OK
tax-in-australia-what-you-need-to-know-australian-taxation-o,https://www.ato.gov.au/individuals-and-families/coming-to-australia-or-going-overseas/coming-to-australia/tax-in-australia-what-you-need-to-know,verified,Australian Taxation Office,Tax in Australia: what you need to know | Australian Taxation Office,2026-09-11T16:58:32+10:00,not_shown,TO_VERIFY,Tax in Australia_ what you need to know _ Australian Taxation Office.pdf,4be331142f562fc70597ca1f292143fa3c819f34969b95f29a4d8888cc21c6b1,10,OK
tax-free-threshold-for-newcomers-to-australia-australian-tax,https://www.ato.gov.au/individuals-and-families/coming-to-australia-or-going-overseas/coming-to-australia/tax-free-threshold-for-newcomers-to-australia,verified,Australian Taxation Office,Tax-free threshold for newcomers to Australia | Australian Taxation Office,2026-09-11T16:17:22+10:00,not_shown,TO_VERIFY,Tax-free threshold for newcomers to Australia _ Australian Taxation Office.pdf,1fd866fd6a6a7d65dae782b0a4d06d60c7406e6bbd98bd067e2ed632f0110c1d,3,NO TEXT LAYER - re-save from Chrome
tickets-and-payments-transport-victoria,https://transport.vic.gov.au/tickets-and-payments,verified,Transport Victoria,Tickets and payments - Transport Victoria,2026-09-11T16:23:11+10:00,not_shown,TO_VERIFY,Tickets and payments - Transport Victoria.pdf,cb0767642262b4e3469d8a70d51e051d09424e96a4154c5a39436102ddab3fde,4,OK
understand-your-medicare-statements-medicare-services-austra,https://www.servicesaustralia.gov.au/understand-your-medicare-statements?context=60092,sibling-link (1.00),Services Australia,Understand your Medicare statements - Medicare - Services Australia,2026-09-11T16:09:49+10:00,16 December 2025,TO_VERIFY,Understand your Medicare statements - Medicare - Services Australia.pdf,eb7f29e66bd8d5d6cfb4be7b272c9d71df1747e78a7530e7740188cb582f43b6,3,OK
what-is-a-tax-file-number-australian-taxation-office,https://www.ato.gov.au/individuals-and-families/tax-file-number/what-is-a-tax-file-number,PATTERN-INFERRED (check),Australian Taxation Office,What is a tax file number? | Australian Taxation Office,2026-09-11T16:13:57+10:00,not_shown,TO_VERIFY,What is a tax file number_ _ Australian Taxation Office.pdf,4913bea89a0bd24df41f6d834cee760cf369777307d4896d21a708eb14330a37,4,NO TEXT LAYER - re-save from Chrome
your-medicare-card-medicare-services-australia,https://www.servicesaustralia.gov.au/medicare-card,sibling-link (1.00),Services Australia,Your Medicare card - Medicare - Services Australia,2026-09-11T16:10:52+10:00,15 October 2025,TO_VERIFY,Your Medicare card - Medicare - Services Australia.pdf,3c3ed29d745ec4176b0528d786f6f56917abb9dc1a0d7689472eebe4fc656080,4,OK
your-first-week-in-australia-study-australia,https://www.studyaustralia.gov.au/en/plan-your-move/your-first-week-in-australia,PATTERN-INFERRED (check),Study Australia,Your first week in Australia | Study Australia,2026-09-11T16:21:46+10:00,not_shown,TO_VERIFY,Your first week in Australia _ Study Australia.pdf,03dd56badee0086fd98092fb16fb2c2d9599cb53c78bfa425e74eeb48c26fd18,8,OK
myki-your-ticket-to-travel-public-transport-in-victoria-tran,https://transport.vic.gov.au/tickets-and-payments/myki,verified,Transport Victoria,myki | Your ticket to travel | Public transport in Victoria - Transport Victoria,2026-09-11T16:23:46+10:00,not_shown,TO_VERIFY,myki _ Your ticket to travel _ Public transport in Victoria - Transport Victoria.pdf,7a49e2714e596187fb1b2cbf835ed8b6a262e414c062d5460ae4cc9c3501e3a8,4,OK
