row_number,question_id,source
1,T24Q01,closed_book
2,T23Q01,dense
3,T21Q01,dense
4,T42Q01,closed_book
5,T03Q01,dense
6,T12Q01,dense
7,T01Q01,dense
8,T06Q01,closed_book
9,T21Q01,closed_book
10,T35Q01,closed_book
11,T39Q01,closed_book
12,T19Q01,closed_book
13,T40Q01,dense
14,T04Q01,closed_book
15,T35Q01,dense
16,T29Q01,dense
17,T41Q01,dense
18,T29Q01,closed_book
19,T40Q01,closed_book
20,T27Q01,dense
21,T41Q01,closed_book
22,T20Q01,closed_book
23,T05Q01,dense
24,T33Q01,closed_book
25,T18Q01,dense
26,T04Q01,dense
27,T10Q01,dense
28,T24Q01,dense
29,T38Q01,closed_book
30,T14Q01,dense
31,T03Q01,closed_book
32,T23Q01,closed_book
33,T11Q01,closed_book
34,T26Q01,dense
35,T32Q01,closed_book
36,T18Q01,closed_book
37,T37Q01,closed_book
38,T26Q01,closed_book
39,T38Q01,dense
40,T27Q01,closed_book
41,T05Q01,closed_book
42,T31Q01,closed_book
43,T06Q01,dense
44,T19Q01,dense
45,T42Q01,dense
46,T14Q01,closed_book
47,T12Q01,closed_book
48,T20Q01,dense
49,T32Q01,dense
50,T39Q01,dense
51,T01Q01,closed_book
52,T33Q01,dense
53,T11Q01,dense
54,T04Q02,closed_book
55,T04Q02,dense
56,T10Q01,closed_book
57,T31Q01,dense
58,T37Q01,dense
59,T02Q01,dense
60,T02Q01,closed_book
