sample_id,question_id,question,question_type,answer_A,answer_B,_key_A,_key_B,A_supported,A_applicable,A_fabricated_quote,A_notes,B_supported,B_applicable,B_fabricated_quote,B_notes
1,T09Q01,how can i find a doctor near me that bulk bills,known,"Finding a doctor who bulk bills can be convenient, especially as an international student on a limited budget. Here are some steps you can follow to find a doctor near you who bulk bills:

1. **Search online**: Type ""bulk billing doctors near me"" or ""bulk billing doctors in [your suburb/city]"" into a search engine like Google. This should give you a list of nearby doctors who offer bulk billing services.
2. **Check with your health insurance provider**: If you have private health insurance, check with your provider to see if they have a list of bulk billing doctors in your network. You can also contact their customer service to ask for recommendations.
3. **Visit the Australian Government's Medicare website**: The Medicare website has a ""Find a Doctor"" tool that allows you to search for doctors who bulk bill. Simply enter your postcode and select ""Bulk Billing"" as an option.
4. **Contact local health services**: Reach out to local health services, such as hospitals or community health centers, to ask if they know of any doctors who bulk bill. They may be able to provide you with a list of recommended doctors.
5. **Check with your university's student union**: Many universities have a student union that provides resources and support for international students, including information on healthcare services in the area.

Some popular online directories that can help you find bulk billing doctors include:

* Medicare Australia's Doctor Finder
* Bulk Billing Australia
* Health Services Australia

When searching for a doctor, make sure to check their credentials and reviews to ensure they are reputable and provide quality care.","You can use the ""find a health service"" tool on the healthdirect website to find a bulk billing GP or specialist near you. [S02_005]",closed_book,dense,,,,,,,,
2,T02Q01,can i start a part time job before my uni course actually starts,known,"You cannot work more than 40 hours a fortnight, unless you are a family member of a Student visa holder [S03_001]. Family members of a Student visa holder cannot work before the student's course starts, unless at the time of applying for this visa, they held another visa that permitted them to work in Australia [S03_002].","In Australia, it's generally possible to start looking for and applying for part-time jobs before your university course begins, but there are some things to consider:

1. **University policies**: Check with your university's student services or careers office to see if they have any specific guidelines or restrictions on students starting work before the semester begins.
2. **Tax implications**: As a student, you may be eligible for a tax offset or concession on your income. However, if you start working before your course begins, you might not be considered a ""student"" by the Australian Taxation Office (ATO) for tax purposes. This could affect your eligibility for certain tax benefits.
3. **Work permit requirements**: If you're an international student, you'll need to meet specific visa requirements to work in Australia. You can usually start working on your student visa before the semester begins, but be sure to check with the Department of Home Affairs or your university's international office for guidance.
4. **Job availability and type**: Some part-time jobs may require you to have completed a certain number of hours of study or have a specific course schedule in place. Be prepared to provide proof of your student status when applying for jobs.

To increase your chances of finding a part-time job before your course starts:

* Start looking for jobs early, ideally 2-3 months before the semester begins.
* Consider applying for jobs that don't require you to have completed a certain number of hours of study or have a specific course schedule in place.
* Be prepared to provide proof of your student status when applying for jobs.

Remember to prioritize your studies and ensure that you're not overcommitting yourself with work. It's essential to strike a balance between academic responsibilities and part-time employment.",dense,closed_book,,,,,,,,
3,T19Q01,"i think ive been underpaid for weeks, what should i check first and how do i bring it up with my boss",inferred,"Sorry to hear that you're concerned about being underpaid!

To address this issue, let's break it down into steps:

**Step 1: Check your pay stubs**

Carefully review your recent pay stubs to ensure accuracy. Make sure to check the following:

* Your gross income
* Any deductions (e.g., taxes, superannuation)
* Your net pay (take-home pay)
* The payment dates and amounts

Compare your pay stubs with your expected pay stubs to identify any discrepancies.

**Step 2: Review your employment contract**

Check your employment contract or agreement to see if it outlines:

* Your salary structure
* Payment terms
* Any specific requirements for reporting errors or discrepancies

This will help you understand your contractual obligations and what you need to do next.

**Step 3: Check your payslip details online (if available)**

If your employer provides an online portal for viewing pay stubs, check if there are any discrepancies or errors. Some employers may also offer a ""pay slip history"" feature that allows you to view previous pay stubs.

**Step 4: Schedule a meeting with your boss**

To discuss the issue with your boss, schedule a meeting at a convenient time. Be prepared to:

* Clearly explain the discrepancy and provide evidence (e.g., pay stubs)
* Specify what you're requesting (e.g., rectification of underpayment)
* Show willingness to work together to resolve the issue

**How to bring it up with your boss:**

1. Choose a private meeting time and location.
2. Start by expressing your concern in a non-confrontational manner:
	* ""Hi [Boss's Name], I wanted to discuss my recent pay stubs with you.""
	* ""I've noticed some discrepancies on my pay slips, and I'd like to clarify the situation.""
3. Present the evidence (pay stubs) and explain the issue.
4. Specify what you're requesting:
	* ""I believe I've been underpaid for [number] weeks. Could we discuss how to rectify this?""
	* ""I'd appreciate it if you could review my pay slips and ensure that everything is accurate.""
5. Listen to your boss's response and be open to their explanation or solution.

Example script:

""Hi [Boss's Name], I wanted to discuss my recent pay stubs with you. I've noticed some discrepancies on my pay slips, and I'd like to clarify the situation. Could we review my pay stubs together and","First, you need to know what you’re currently getting paid. You can check your pay slips, rosters of the hours you’ve worked, bank statements, or employment records [S10_002]. 

To bring it up with your boss, arrange a time to talk to them and show them what you've found, bringing any relevant information such as pay slips or bank statements [S10_006].",closed_book,dense,,,,,,,,
4,T40Q01,can i get a concession myki as an international student and how much would it save me,inferred,"As an international student in Australia, you may be eligible for a Myki Concession Card, which can provide discounts on public transportation fares.

To be eligible for the Myki Concession Card, you'll need to meet certain requirements:

1. You must be a student enrolled in an Australian educational institution.
2. You must have a valid Student ID card or other accepted identification documents.
3. You must not be receiving any government payments (e.g., Centrelink benefits).

If you meet these requirements, you can apply for the Myki Concession Card through the Public Transport Victoria (PTV) website or at a participating service centre.

The concession fare on Myki is 40% off the standard adult fare. The exact savings will depend on your travel patterns and the distance you travel.

Here's an example of how much you could save:

* Standard adult fare: $4.50
* Concession fare (Myki): $2.70 (40% discount)
* Savings per trip: $1.80

Assuming you take 5 trips per week, your weekly savings would be:
$1.80 x 5 = $9.00

Over a month (assuming 4 weeks), your monthly savings would be:
$9.00 x 4 = $36.00

Keep in mind that these are just estimates, and your actual savings may vary depending on your travel habits.

It's worth noting that the Myki Concession Card is valid for 3 years from the date of issue, so you'll need to renew it periodically if you continue to use public transportation.

I hope this information helps! Let me know if you have any further questions.","As an international student, you may be eligible for a concession myki. According to [S13_006], concessions include students, pensioners, seniors, disability support, and healthcare card holders. However, I don't have information about the specific eligibility criteria or application process for international students.

I don't have information about how much it would save you as an international student with a concession myki.",closed_book,dense,,,,,,,,
5,T38Q01,which documents will the bank ask for when i open my first account here,known,"To open a bank account in Australia as an international student, you will need to provide electronic Confirmation of Enrolment (eCoE) [S15_003] and proof of your address in Australia, such as a phone bill or lease agreement.","When opening your first account with an Australian bank, you can expect the bank to request some or all of the following documents:

1. **Proof of Identity**: A valid passport, visa (if applicable), or other government-issued ID that proves your identity.
2. **Proof of Address**: Utility bills (e.g., electricity, gas, water, or internet) with your name and current address, dated within the last 3 months. Alternatively, a lease agreement or rental contract can also be accepted.
3. **Passport-style Photo**: A recent, passport-style photo that meets the bank's requirements.
4. **Proof of Income**: Documents showing your income, such as:
	* Pay slips (if you have a job)
	* Student loan documents (if applicable)
	* Scholarship award letters (if applicable)
	* Proof of pension or other regular income
5. **Tax File Number (TFN)**: You may need to provide your TFN, which is usually issued by the Australian Taxation Office (ATO).
6. **Bank Reference**: Some banks may request a bank reference from your previous bank or financial institution.
7. **Completed Account Opening Form**: You'll typically need to fill out an account opening form, which will ask for personal and banking details.

Please note that specific document requirements may vary depending on the bank, your individual circumstances, and any special conditions of your visa (if applicable). It's always a good idea to check with the bank ahead of time or visit their website to confirm their documentation requirements.",dense,closed_book,,,,,,,,
6,T04Q02,does my compulsory uni placement count in my 48 hour work limit,known,[S03_003] A work experience unit that forms a mandatory component of a student’s course and is included in the CRICOS registration of that course will not be included in the student's work restriction of 48 hours a fortnight. [S17_001] Student visa holders have no work restrictions when their course of study or training is not in session.,"In Australia, the 48-hour work limit is a requirement for international students who are on a student visa (subclass 500). This rule applies to both part-time and full-time work.

According to the Australian Government's Department of Home Affairs, your compulsory university placement (also known as a ""placement"" or ""work experience"" component) is considered a form of approved education-related employment.

As such, it should be exempt from the 48-hour work limit. This means that you can participate in your compulsory university placement without worrying about exceeding the 48-hour work limit.

However, please note that this exemption only applies to the specific placement itself and not to any other part-time or full-time work you may do outside of your studies. So, if you have a part-time job or volunteer role outside of your placement, it will still be subject to the 48-hour work limit.

It's always a good idea to check with your university or the Australian Government's Department of Home Affairs for the most up-to-date information on this policy, as rules and regulations can change.",dense,closed_book,,,,,,,,
7,T29Q01,what is an abn and can anyone get one,known,"An ABN (Australian Business Number) is a unique identifier assigned to Australian businesses, including sole traders, partnerships, companies, and trusts. It's used for tax purposes and is required for various business activities, such as:

* Registering with the Australian Taxation Office (ATO)
* Opening a business bank account
* Paying taxes and superannuation
* Issuing invoices and receipts

To get an ABN, you typically need to meet one of the following conditions:

1. **Business registration**: You must be registered for an Australian Business Number when registering your business with the Australian Securities & Investments Commission (ASIC).
2. **Taxation**: If you're required to lodge a tax return or pay taxes, you may be eligible for an ABN.
3. **E-commerce or online sales**: If you sell goods or services online and earn more than $75,000 in a calendar year, you'll need an ABN.

Anyone can apply for an ABN, but there are some exceptions:

* **Individuals with no business income**: If you're an individual with no business income, you don't need an ABN. However, if your income exceeds the threshold (currently $180,000), you may be required to lodge a tax return and obtain an ABN.
* **Non-resident foreigners**: Non-resident foreigners can apply for an ABN, but they must meet specific requirements, such as having a Australian address or being registered with the ATO.

To apply for an ABN, you'll need to:

1. Register on the Australian Business Register (ABR)
2. Complete the ABN application form
3. Provide required documents, such as your business registration certificate or tax file number

You can apply online through the Australian Government's website or by contacting the ATO directly.

Please note that requirements may change over time, so it's always a good idea to check the official government websites for the most up-to-date information.","An Australian Business Number (ABN) is a unique 11-digit number that identifies a business or organisation to the government and community [S01_001]. Not everyone is entitled to an ABN, as you may face prosecution or criminal charges if you apply for an ABN when you're not entitled [S01_001].",closed_book,dense,,,,,,,,
8,T04Q01,"Under visa condition 8105, is work undertaken as part of a mandatory course placement counted towards the fortnightly work limitation?",known,"Yes, if a work experience unit forms a mandatory component of a student's course and is included in the CRICOS registration of that course, it will not be included in the student's work restriction of 48 hours a fortnight. However, any work experience/work placement that is not a mandatory course requirement, or that is in excess of the period required in the course registration, is included in a student's work limitation of 48 hours a fortnight [S03_002].","Under Visa Condition 8105 (subclass 485 Temporary Graduate), work undertaken as part of a mandatory course placement is generally considered to be exempt from the fortnightly work limitation.

This means that if you are undertaking a mandatory course placement, you will not be counted towards the 40 hours per fortnight work limit. However, it's always best to check with the Australian Government Department of Home Affairs or seek advice from an authorized visa agency for the most up-to-date and accurate information on your specific circumstances.",dense,closed_book,,,,,,,,
9,T25Q01,What are the components of the safety net of minimum entitlements for employees under the Fair Work system?,known,"The National Employment Standards, awards, and the National Minimum Wage make up a safety net of entitlements for employees covered by the Fair Work system. [S06_002]","Under the Fair Work system in Australia, the safety net of minimum entitlements includes several key components:

1. **National Minimum Wage (NMW)**: The NMW is the minimum hourly wage that all full-time adult employees must be paid.
2. **Minimum Ordinary Time Rates**: These rates apply to most employees and are higher than the NMW for certain industries, such as hospitality and retail.
3. **Overtime Pay**: Employees who work overtime must be paid at least 1.5 times their ordinary time rate.
4. **Public Holidays**: Most employees receive a minimum of four weeks' annual leave, plus eight public holidays per year.
5. **Annual Leave**: Employees are entitled to a minimum of four weeks' annual leave after completing 12 months of service.
6. **Personal Casual Time**: Some employees, such as shift workers and casuals, may be entitled to personal casual time, which is paid at the NMW or higher.
7. **Parental Leave**: Eligible employees can take up to 18 weeks of unpaid parental leave after the birth or adoption of a child.
8. **Carer's Leave**: Employees can take up to 18 weeks of unpaid carer's leave to care for a seriously ill family member.

These components form the safety net of minimum entitlements under the Fair Work system, providing a basic level of protection and security for employees in Australia.",dense,closed_book,,,,,,,,
10,T35Q01,how much does a myki card cost,known,"A physical myki card costs $6 for full fare, $3 for concession, and $5 for youth. [S16_001]","The initial cost of a Myki card in Melbourne, Australia is $9.00 AUD (Australian Dollars). This includes the cost of the card itself and any available credit.

However, if you're purchasing a new Myki card for the first time, you'll also need to pay an additional $6.00 AUD deposit, which is refundable when you return your card.

It's worth noting that some Myki cards may be purchased with a concession or discount, depending on your eligibility and circumstances.",dense,closed_book,,,,,,,,
11,T39Q01,What fare applies to metropolitan train journeys completed before 7:15am on weekdays?,known,"For metropolitan train journeys completed before 7:15 am on weekdays, the fare is $4.50 (as of my cut-off date in December 2023). However, please note that fares are subject to change over time and may not reflect any recent adjustments.

It's always best to check with Transport for NSW or a reliable source for the most up-to-date information on train fares in Sydney, Australia.",The free early bird fare applies [S13_007].,closed_book,dense,,,,,,,,
12,T03Q01,is it still true that students have no limit on work hours like during covid,known,"During the COVID-19 pandemic, there was a temporary relaxation of rules regarding student work hours in Australia. However, this relaxation has largely ended.

Prior to the pandemic, Australian universities had rules governing student work hours, which were designed to ensure that students did not overwork themselves and maintain their academic performance.

In 2020, during the height of the pandemic, some states and territories in Australia temporarily relaxed these rules, allowing international students to work longer hours without restrictions. However, this was a one-off measure and not a permanent change to the rules.

As of my knowledge cutoff, student work hour rules have largely returned to pre-pandemic levels. Most universities in Australia still have rules that limit the number of hours a student can work per week, typically around 20-30 hours, to ensure they have sufficient time for study and academic pursuits.

It's always best to check with your university or specific employment agency for the most up-to-date information on work hour restrictions, as these can vary depending on the institution and location.","No, from 1 July 2023, student visa holders are restricted to 48 hours of work a fortnight [S17_001]. This restriction applies when their course of study or training is in session. However, family members of Student visa holders can still work up to 48 hours a fortnight while the course is in session, but there are exceptions for Master's Degree by Research or Doctoral Degree students who can work more than 48 hours a fortnight [S03_001].",closed_book,dense,,,,,,,,
13,T22Q01,do international students get the same rights at work as australians,known,"International students in Australia have some rights and protections at work, but they may not be exactly the same as those enjoyed by Australian citizens or permanent residents.

Here are some key points to consider:

1. **Work permit requirements**: International students typically need to obtain a Special Category Visa (SCV) or a Student Visa with a work component to work in Australia.
2. **Working hours and conditions**: International students may be entitled to the same working hours, minimum wage, and leave entitlements as Australian workers, but only if they have a valid work permit and meet specific requirements.
3. **Minimum wage and award entitlements**: International students are generally entitled to the same minimum wage and award entitlements as Australian workers, including paid annual leave, public holidays, and sick leave.
4. **Superannuation**: International students may be eligible for superannuation contributions if they have a valid work permit and meet specific requirements.
5. **Workplace safety and health**: International students are entitled to the same workplace safety and health protections as Australian workers, including access to a safe working environment and reporting of work-related injuries or illnesses.

However, there are some key differences:

1. **Limited job security**: International students may not have the same level of job security as Australian citizens or permanent residents, who typically have more rights under employment contracts.
2. **No entitlement to redundancy pay**: International students may not be entitled to redundancy pay if their work permit is cancelled or they are required to leave Australia.
3. **Limited access to workplace grievances**: International students may face challenges in accessing workplace grievances and disputes resolution processes, as they may not have the same level of familiarity with Australian employment laws and procedures.

To ensure international students' rights at work are protected, it's essential for employers to:

1. **Comply with work permit requirements**
2. **Provide clear job descriptions and expectations**
3. **Offer competitive wages and benefits**
4. **Respect employees' rights to leave and take breaks**
5. **Maintain a safe working environment**

International students should also be aware of their rights and responsibilities at work, including:

1. **Understanding their employment contract**
2. **Knowing their entitlements under Australian employment laws**
3. **Reporting any workplace concerns or issues**
4. **Seeking support from employers, unions, or government agencies if needed**

By understanding the rights and responsibilities of international students in Australia, both employers and employees can work together to create a positive and supportive work environment.","International students have the same workplace entitlements and protections as all other employees in Australia, including Australians [S08_001].",closed_book,dense,,,,,,,,
14,T16Q01,"i get paid cash in hand, do i still get a payslip",known,"In Australia, if you receive payment in cash from an employer and it's not subject to income tax withholding (e.g., tips or bonuses), you're still required to lodge a tax return.

However, if the cash payment is subject to withholding (e.g., superannuation guarantee), your employer must provide you with a payment summary - Individual Non-Business Income (NBI) statement, which includes details of your earnings and any taxes withheld.

In this case, yes, you would still receive a payslip or a similar document from your employer, but it might not be in the traditional format. The payslip will likely include:

1. Your name and address
2. Payment period (e.g., week, fortnight)
3. Gross income (before taxes)
4. Superannuation guarantee amount (if applicable)
5. Any other relevant information

Keep in mind that you may still need to lodge a tax return with the Australian Taxation Office (ATO) if you're required to pay taxes on your earnings.

It's always a good idea to check with your employer or a tax professional to confirm their specific requirements and procedures for paying cash in hand.",You should still receive a pay slip even if you're paid in cash. [S09_005],closed_book,dense,,,,,,,,
15,T39Q02,is the train free if i go really early in the morning,known,"Unfortunately, I have to disappoint you - there's no such thing as a ""free"" train ride in Australia, regardless of the time of day or how early you catch it.

However, some train services in Australia do offer discounted fares for off-peak travel, which might be more affordable if you're traveling during less busy times. These discounts are usually available on certain routes and days of the week.

That being said, even with these discounts, there's no such thing as a completely ""free"" train ride in Australia. You'll still need to pay for your ticket or use a concession card that's eligible for discounted fares.

If you're looking to save money on your train travel, I'd be happy to help you explore other options, such as:

* Using a concession card (e.g., Opal Card in NSW or Myki in VIC)
* Booking tickets in advance
* Traveling during off-peak hours
* Looking into discounted fares for students, seniors, or people with disabilities

Let me know if there's anything else I can help you with!","If you travel before 7am on a weekday, your metropolitan train journey is free [S13_007].",closed_book,dense,,,,,,,,
16,T01Q01,how many hours a fortnight can i work while my classes are running,known,"As an international student in Australia, you're eligible to work on campus or in approved off-campus employment.

According to the Australian Government's Department of Education, Skills and Employment, international students can work up to 40 hours per fortnight (5 days a week) during the academic year. However, this is subject to certain conditions:

1. You must be enrolled full-time in at least 12 units.
2. Your student visa must not have been cancelled or suspended.

It's essential to note that you cannot work more than 40 hours per fortnight, and you must also ensure that your study schedule and work schedule do not conflict with each other.

To confirm the specific rules and regulations regarding part-time work as an international student in Australia, I recommend checking the following:

* The Australian Government's Department of Education, Skills and Employment website
* Your institution's policies and procedures for off-campus employment
* Your student visa conditions

It's always a good idea to consult with your university's international student support services or a qualified immigration advisor for personalized advice.",You cannot work more than 48 hours a fortnight when your course of study or training is in session [S03_002].,closed_book,dense,,,,,,,,
17,T26Q01,"i worked more hours than my visa allows and now my boss is underpaying me, can i still get help without losing my visa",inferred,"You can contact us for help if you are worried about speaking to your employer. If you aren’t comfortable speaking to us directly or want to notify us on behalf of someone else, you can lodge an anonymous report in English (www.fairwork.gov.au/workplace-problems/fixing-a-workplace-problem/get-our-help-with-a-workplace-problem/anonymous-reporting) or another language (www.fairwork.gov.au/workplace-problems/fixing-a-workplace-problem/get-help-with-a-workplace-problem-in-your-language).","I'm so sorry to hear that you're in this situation!

Working more hours than allowed on your visa can lead to some complex issues. If your boss is underpaying you as a result, it's essential to address the issue while minimizing potential risks to your visa.

Here are some steps you can take:

1. **Check your visa conditions**: Review your visa agreement or contract to understand the specific rules and regulations regarding working hours and pay. This will help you determine if you've exceeded your allowed hours.
2. **Seek advice from an employee rights organization**: Reach out to organizations like the Australian Council of Trade Unions (ACTU), Fair Work Ombudsman, or the Migrant Rights Centre Australia for guidance on your specific situation. They can provide you with information on your rights and potential next steps.
3. **Talk to your boss**: Schedule a meeting with your employer to discuss the underpayment issue. Be prepared to explain the situation and provide evidence (e.g., pay slips, contracts) to support your claim. Try to resolve the issue amicably, as this may help prevent any further complications.
4. **Consider seeking assistance from a lawyer**: If talking to your boss doesn't work, or if you're unsure about your rights, consider consulting with an immigration lawyer or an employment law specialist. They can help you navigate the situation and provide advice on how to protect your visa.

To minimize potential risks to your visa:

* **Don't admit to exceeding allowed hours**: Avoid admitting to working more hours than allowed on your visa, as this could be seen as a breach of conditions.
* **Focus on resolving the underpayment issue**: Emphasize the need for back pay and rectification of the underpayment, rather than discussing the initial overwork.
* **Keep records and evidence**: Maintain accurate records of your work hours, pay slips, and any communication with your employer. This will help support your claim if needed.

Remember that every situation is unique, and it's essential to seek personalized advice from a qualified professional.

Please note that this is general guidance only, and the specific circumstances of your case may affect the outcome. If you're concerned about your visa or employment situation, I recommend consulting with an immigration lawyer or seeking advice from a reputable organization specializing in employee rights.",dense,closed_book,,,,,,,,
18,T08Q01,do i have to pay when i go see a gp here,known,"In Australia, you don't necessarily need to pay when you visit a General Practitioner (GP). Here's what you need to know:

1. **Public Health Fund**: If you're an international student with a valid Australian Student Visa (subclass 500), you may be eligible for free or low-cost GP services through the Public Health Fund (PHF).
2. **Medicare**: As an international student, you might not be automatically eligible for Medicare, which is Australia's public health insurance scheme. However, some universities and colleges offer Medicare coverage to their students.
3. **Private GP fees**: If you don't have access to free or low-cost GP services through the PHF or Medicare, you'll need to pay private fees for your consultation.

To confirm your eligibility for free or low-cost GP services, I recommend:

* Checking with your university's student services or international office to see if they offer any health insurance plans that include Medicare coverage.
* Contacting the Australian Government's Department of Health to inquire about your eligibility for the PHF.
* Visiting a GP and asking about their fees and payment options.

Remember to always check with your healthcare provider before seeking medical attention, as fees and payment requirements may vary.",You don't have to pay for visits to GPs if they bulk bill [S02_003].,closed_book,dense,,,,,,,,
19,T37Q01,is there a max amount i pay per day for trains and trams,known,"In Australia, the maximum daily cap on public transportation fares varies depending on the state or territory you're in.

**New South Wales (NSW):**
The Opal card has a daily cap of $16.50 AUD for unlimited travel on trains, buses, and ferries.

**Victoria:**
The Myki card has a daily cap of $7.10 AUD for unlimited travel on trams, buses, and trains.

**Queensland:**
The Go Card has a daily cap of $8.40 AUD for unlimited travel on buses, trains, and ferries.

**South Australia:**
The SA Smartcard has a daily cap of $6.00 AUD for unlimited travel on buses and trains.

**Western Australia:**
There is no daily cap on public transportation fares in Perth, but you can purchase an Opal-like card called the Transperth Visitor Pass, which offers discounts for tourists.

**Tasmania:**
The Tasmanian Transport App has a daily cap of $6.00 AUD for unlimited travel on buses and ferries.

**Australian Capital Territory (ACT):**
There is no daily cap on public transportation fares in Canberra, but you can purchase an Opal-like card called the MyWay card, which offers discounts for tourists.

Please note that these prices are subject to change, so it's always best to check with the relevant transport authority or website for the most up-to-date information.","Yes, the maximum daily fare cap applies to public transport in Victoria. The weekday cap is $5.70 for full fare and $2.85 for concession, while the weekend cap is $4.00 for full fare and $2.00 for concession. [S13_005]",closed_book,dense,,,,,,,,
20,T10Q01,what do i need to sign up for medicare online,known,"To sign up for Medicare online, you'll typically need to provide some personal and identification details. Here are the general requirements:

1. **Australian citizenship or residency**: You must be an Australian citizen or have a valid visa that allows you to live and work in Australia.
2. **MyGov account**: You'll need to create a MyGov account, which is the Australian government's online identity platform. If you don't already have one, you can sign up for free on the my.gov.au website.
3. **Identification documents**: You may be asked to upload or provide scanned copies of identification documents, such as:
	* Passport
	* Birth certificate
	* Visa (if applicable)
	* Proof of address (e.g., utility bill, lease agreement)
4. **Proof of age**: If you're under 18 years old, your parents or guardians may need to sign up for Medicare on your behalf.
5. **Healthcare card details**: You'll need to provide your healthcare card number (if applicable) and the date it was issued.

Once you've gathered these documents and created a MyGov account, follow these steps:

1. Go to the Medicare website ([www.medicareaustralia.gov.au](http://www.medicareaustralia.gov.au)) or use the myGov portal.
2. Click on ""Sign up for Medicare"" and follow the prompts.
3. Fill in your personal details and upload or provide scanned copies of your identification documents.
4. Review and submit your application.

If you're having trouble signing up online, you can also:

1. Contact the Australian Government's Medicare line on 132 011 (Monday to Friday, 8am to 6pm AEST).
2. Visit a Medicare office or a local health service center in person.
3. Ask a family member or friend to help you with the process.

Remember to have all your documents ready and easily accessible before starting the online application process.","To enrol in Medicare online, you and your family members need to live in Australia, have a current passport or ImmiCard, and have valid visa details from the Department of Home Affairs [S05_004]. If you want to enrol as a family, you'll also need to provide details and identity documents for any children under 15.",closed_book,dense,,,,,,,,
21,T11Q01,Which categories of persons are eligible to enrol in Medicare?,known,"In Australia, the following categories of persons are eligible to enroll in Medicare:

1. Australian citizens
2. New Zealand citizens (with a valid New Zealand passport)
3. Refugees who have been granted protection visas or humanitarian entrants
4. Asylum seekers who have been granted temporary protection visas
5. Family members of Australian citizens, including spouses and dependents
6. People with permanent medical evacuations from Australia

Additionally, some other groups may also be eligible to enroll in Medicare, such as:

* People with a valid visa that allows them to live and work in Australia (e.g., skilled migrant visas)
* People who have been granted a special category visa (SCV) for humanitarian reasons
* People who are on the Australian government's refugee resettlement program

It's worth noting that not everyone living in Australia is eligible for Medicare, such as international students or people who are not permanent residents.","You can enrol in Medicare if you live in Australia and you're any of these: an Australian citizen [S05_002], a New Zealand citizen [S05_002], an Australian permanent resident applying for permanent residency [S05_002], or a temporary resident covered by a ministerial order [S05_002]. You can also enrol if you're a citizen or permanent resident of any of these: Norfolk Island, Cocos (Keeling) Islands, Christmas Island, Lord Howe Island [S05_002].",closed_book,dense,,,,,,,,
22,T30Q02,how long will my abn take if they need to check my application,known,"The Australian Business Number (ABN) is not typically issued to international students, as it's usually required for businesses and individuals who operate a business in Australia.

However, if you're an international student in Australia and need to apply for an ABN, the process can take around 2-4 weeks from the date of your application. This timeframe may vary depending on several factors, such as:

1. The type of activity you'll be undertaking (e.g., studying, working, or conducting research).
2. Your individual circumstances and documentation.
3. The processing time at the Australian Taxation Office (ATO), which is responsible for issuing ABNs.

To give you a better idea, here's a general outline of the steps involved in getting an ABN as an international student:

1. You'll need to apply for an ABN through the ATO's online portal or by mail.
2. The ATO will review your application and verify your identity.
3. If everything checks out, you'll receive an ABN.

Keep in mind that some students might not need an ABN, especially if they're only studying or participating in a research program. In this case, the ATO may not issue an ABN, or it might be issued under a different type of number (e.g., a Student Activity Number).

It's always best to check with your institution or the relevant authorities to determine whether you need an ABN and what specific requirements apply to your situation.

If you have any further questions or concerns, feel free to ask!","If the Australian Business Register needs to check your application, it may take up to 20 business days to review and process your application [S01_004].",closed_book,dense,,,,,,,,
23,T17Q01,how do i work out what my hourly pay should actually be,known,"To determine your hourly pay, you'll need to consider several factors, including:

1. **Your annual salary**: This is usually the amount you earn per year from your job.
2. **Number of hours worked per week**: Check your employment contract or speak with your employer to find out how many hours you work per week.
3. **Number of weeks worked per year**: Assuming a standard full-time schedule, this is usually 52 weeks (1 year).
4. **Tax and superannuation deductions**: These can vary depending on your tax status and the type of superannuation fund you're in.

Here's a simple formula to calculate your hourly pay:

**Hourly Pay = Annual Salary / (Number of Hours Worked per Week x Number of Weeks Worked per Year)**

For example, let's say:

* Your annual salary is $60,000
* You work 35 hours per week
* There are 52 weeks in a year

First, calculate your total hours worked per year:
35 hours/week x 52 weeks/year = 1820 hours/year

Now, divide your annual salary by the total hours worked per year:
$60,000 ÷ 1820 hours/year ≈ $32.95 per hour

Keep in mind that this is a simplified calculation and doesn't take into account factors like:

* Overtime pay
* Casual or part-time rates
* Different tax brackets
* Superannuation contributions

If you're unsure about your hourly pay, it's always best to check with your employer or consult with a financial advisor.","To find out what your hourly pay should be, first check if you're covered by an award or agreement [S10_003]. If you are, look at the award or agreement to see what your minimum entitlements are. Then, calculate how many hours you've worked and multiply that number by your minimum entitlement rate per hour. This will give you your hourly pay.

Alternatively, if you're not covered by an award or agreement, you can use a pay calculator tool on our website [S10_002] to estimate what your hourly pay should be based on your pay slips, rosters, and bank statements.",closed_book,dense,,,,,,,,
24,T31Q01,do i need a tax file number to open a bank account or to apply for an abn,inferred,"You don't need a Tax File Number (TFN) to open a bank account, but without one, you will be taxed at a higher rate [S15_003]. To apply for an ABN, you do need a TFN and should get it before submitting your application [S01_003].","In Australia, you'll typically need a Tax File Number (TFN) when:

1. **Opening a bank account**: Yes, most banks in Australia require you to have a TFN when opening a bank account. You can usually provide your TFN on the bank's application form or when filling out the account opening process online.
2. **Applying for an ABN (Australian Business Number)**: No, you don't need a TFN to apply for an ABN. To register for an ABN, you'll typically need to provide identification documents, such as your passport, driver's license, or other government-issued ID.

However, if you're applying for an ABN as a sole trader or business owner, you may be required to provide your TFN on the Australian Business Register (ABR) application form. But this is not always the case, and it depends on the specific circumstances of your business registration.

It's always best to check with the bank or the Australian Business Register for specific requirements, as these can change over time.",dense,closed_book,,,,,,,,
25,T12Q01,"im from a country that has a health agreement with australia, can i get medicare and will i still have to pay the doctor",inferred,"You may be able to access Medicare services while visiting Australia if you're from a country we have an agreement with [6]. However, this doesn't necessarily mean you'll automatically receive a Medicare card or be eligible for full Medicare benefits. You can get care as a public patient in a public hospital without enrolling in Medicare [S05_010], but you may still need to pay some costs or provide proof of your identity and residency [22].","If you're from a country with a health agreement with Australia, it's likely that you'll be eligible for Medicare, which is Australia's public healthcare system.

Under the health agreements in place between Australia and certain countries (such as New Zealand, Singapore, Hong Kong, and some Pacific Island nations), citizens of those countries are generally entitled to access Australian government-funded healthcare services, including Medicare.

This means that you may be able to receive a Medicare card, which will allow you to access free or low-cost healthcare services in Australia, including doctor visits, hospital treatments, and other medical services.

However, it's essential to note that even if you're eligible for Medicare, you may still need to pay some out-of-pocket costs for certain services. For example:

* You might need to pay a copayment (a small fee) for each doctor visit or medical service.
* Some specialist services or treatments might require a higher copayment or a separate payment.
* You may be responsible for paying for prescription medications, unless they're covered under your Medicare plan.

To confirm your eligibility and understand the specific arrangements in place for your country, I recommend checking with the Australian Government's Department of Health website or contacting the Australian embassy or consulate in your home country. They can provide you with more detailed information on how to access Medicare and what costs you might incur.

Additionally, it's a good idea to research private health insurance options if you want to have additional coverage for services not covered by Medicare. Some international students may choose to purchase private health insurance to supplement their public healthcare benefits.

I hope this helps! If you have any more questions or concerns, feel free to ask.",dense,closed_book,,,,,,,,
26,T18Q02,"i asked my manager for my payslips and still got nothing, what now",known,You can ask your manager again to provide you with the pay slips. [S09_001],"Sorry to hear that you're having trouble getting your payslips from your manager.

If you've already asked your manager for your payslips and haven't received them, here are some steps you can take:

1. **Follow up with your manager**: Schedule a meeting or send an email to remind your manager about your request. Be polite and professional in your approach.
2. **Check your employment contract**: Review your employment contract to see if it specifies how often payslips should be provided. This may give you an idea of what to expect.
3. **Contact HR (if applicable)**: If your company has an HR department, reach out to them for assistance. They may be able to help mediate the situation or provide guidance on company policies.
4. **Check with your state's Fair Work Ombudsman**: In Australia, you can contact the Fair Work Ombudsman (FWO) if you're having issues with your employer. They can provide advice and support on employment-related matters.
5. **Consider a formal complaint**: If you've tried all other avenues and still haven't received your payslips, you may want to consider making a formal complaint to your manager or HR department.

Some specific Australian resources that might be helpful include:

* Fair Work Ombudsman (FWO): [www.fairwork.gov.au](http://www.fairwork.gov.au)
* Your state's employment authority (e.g., Fair Work NSW, Fair Work Victoria, etc.)
* The Australian Government's Department of Human Services: [www.dss.gov.au](http://www.dss.gov.au)

Remember to stay calm and professional in your communication with your manager and any other parties involved. Good luck!",dense,closed_book,,,,,,,,
27,T11Q02,who is actually allowed to sign up for medicare,known,"You and your family members need to live in Australia [S05_004] and have a current passport or ImmiCard [S05_004]. If you're not an Australian citizen, you need valid visa details from the Department of Home Affairs [S05_004].","In Australia, the following individuals are eligible to sign up for Medicare:

1. Australian citizens
2. Permanent residents (also known as permanent visas)
3. Protected visa holders (some types of temporary visas)
4. New Zealand citizens and their families (under certain conditions)

However, not everyone who wants to access Medicare is automatically eligible.

To be eligible for Medicare, you typically need to meet one of the following criteria:

* Be an Australian citizen or a permanent resident
* Have a valid visa that allows you to live and work in Australia
* Be a member of a recognized Indigenous community
* Be a refugee or asylum seeker who has been granted protection under the Migration Act 1958

It's also worth noting that some individuals may be eligible for Medicare through other means, such as:

* Being a dependent of an Australian citizen or permanent resident
* Having a valid medical treatment or hospitalization that requires Medicare funding

If you're unsure about your eligibility for Medicare, I recommend checking the official Government of Australia website or contacting the Department of Human Services for more information.",dense,closed_book,,,,,,,,
28,T18Q01,What action may an employee take if an employer fails to issue pay slips after a request has been made?,known,"If an employer fails to issue pay slips after a request has been made, the employee can give them the information on the website about pay slips [S09_003] and ask to have a meeting with their employer.","If an employee requests pay slips from their employer and they fail to provide them, the employee can take the following actions:

1. **Request for clarification**: The employee should ask the employer why the pay slips are not being issued.
2. **Check company policies**: Review the company's policies or employee handbook to see if there is a specific procedure for requesting pay slips.
3. **Contact HR or management**: If the issue persists, the employee can contact Human Resources (HR) or management to request an explanation and resolution.
4. **File a complaint with Fair Work Ombudsman (FWO)**: In Australia, employees can file a complaint with the Fair Work Ombudsman if they believe their employer is not complying with pay slip requirements under the Fair Work Act 2009.

It's essential for employees to keep records of their requests and any correspondence with their employer regarding pay slips.",dense,closed_book,,,,,,,,
29,T36Q01,can i just use my phone on trams instead of buying a myki,known,"You can use Mobile myki to pay for your fare on trams [S13_001]. However, it's not available on all tram lines, and you need to have an Android device to use it [S13_001].","Unfortunately, you cannot simply use your phone to pay for public transport on trams in Melbourne, Australia (where Myki is used). While some cities have implemented mobile payment options for public transportation, this is not the case in Melbourne.

Myki is a rechargeable smartcard that can be purchased at various locations throughout Melbourne, including newsagents, convenience stores, and train stations. It's required to travel on trams, trains, and buses in Melbourne.

However, you can use your phone to pay for public transport in other cities in Australia, such as Sydney (Opal card) or Brisbane (Go Card). But in Melbourne, Myki is the only accepted payment method for trams, trains, and buses.",dense,closed_book,,,,,,,,
30,T30Q01,What is the processing timeframe for an ABN application that requires further review?,known,"Your application will be reviewed within 20 business days [S01_004]. If a review is required, you can check on the status of your application at any time using ABN Lookup.","For an Australian Business Number (ABN) application that requires further review, the processing timeframe can vary depending on the complexity of the application and the workload of the Australian Taxation Office (ATO).

Typically, if an application requires further review, it may take around 2-4 weeks for the ATO to process the additional information or documentation needed. However, this timeframe can be longer in some cases.

It's also worth noting that if the application is deemed to require further review due to a complex or unusual circumstance, it may take several months (up to 6-12 months) for the ATO to complete the processing of the application.

I recommend checking the Australian Government's website or contacting the ATO directly for the most up-to-date information on ABN application processing times.",dense,closed_book,,,,,,,,
