question,answer,retrieved_passages,gold_answer,correct,supported,applicable,citation_valid,fabricated_quote,notes
if i contact fair work about my job will they tell my employer,"In Australia, when you contact Fair Work, their primary goal is to provide guidance and support to help resolve workplace issues. However, whether or not they'll disclose information to your employer depends on the nature of the complaint or concern you're raising.

Here are some general guidelines:

1. **Confidentiality**: Fair Work generally maintains confidentiality when dealing with complaints or concerns from employees. They won't automatically share information with your employer without your consent.
2. **Complaints and allegations**: If you've made a formal complaint or allegation against your employer, such as under the Fair Work Act 2009 (Cth), Fair Work may need to inform your employer about the complaint. This is usually done to allow your employer to respond to the allegations and provide evidence in support of their position.
3. **Investigations**: If Fair Work launches an investigation into a complaint, they may contact your employer as part of that process. However, this will typically be done with your consent or as part of a formal inquiry.
4. **Preventing harm**: In some cases, Fair Work may need to inform your employer about a potential risk to your safety or well-being at work. For example, if you've reported concerns about workplace health and safety, Fair Work might need to share that information with your employer to ensure your safety.

To minimize the risk of your employer finding out, it's essential to:

* Contact Fair Work directly (e.g., phone, email, or online chat) rather than going through a union representative or another third party.
* Be clear about your concerns and what you're seeking support for.
* Ask if your complaint will be kept confidential.

Keep in mind that Fair Work may still need to inform your employer in certain circumstances, such as when dealing with serious allegations or complaints. If you're concerned about confidentiality, it's best to discuss this with a Fair Work representative directly.",,"No. The Fair Work Ombudsman won't contact your employer unless you give them permission. You can also lodge an anonymous report, in English or another language.",,,,,,
"my boss says he will cancel my visa if i complain, can he actually do that","No, your boss cannot cancel your visa [S03_002]. Only the Department of Home Affairs (Home Affairs) can cancel visas, not employers.",S10_010; S08_003; S17_003; S03_002; S08_004,"No. Only the Department of Home Affairs can cancel a visa, not your employer. Visa protection pilot programs also let eligible visa holders experiencing workplace exploitation seek help without fear of visa cancellation.",,,,,,
how do i get my unpaid wages if the company i worked for went bankrupt,"If the company you worked for went bankrupt, you can contact Fair Work to seek assistance. According to [S08_004], you can lodge an anonymous report in English (www.fairwork.gov.au/workplace-problems/fixing-a-workplace-problem/get-our-help-with-a-workplace-problem/anonymous-reporting) or another language (www.fairwork.gov.au/workplace-problems/fixing-a-workplace-problem/get-help-with-a-workplace-problem-in-your-language), which may help you get your unpaid wages.",S10_009; S10_006; S08_005; S08_004; S08_003,I don't have information about that in my sources.,,,,,,
how do i get from melbourne airport to the city on public transport,"To get from Melbourne Airport (MEL) to the city center using public transportation, you can follow these steps:

1. **Tullamarine Freeway**: From the airport, take the Tullamarine Freeway (M1) towards the city.
2. **Airport Link Train**: Take the Airport Link train, which runs every 10-15 minutes from 5:30 AM to 12:30 AM, Monday to Thursday, and 5:30 AM to 1:00 AM on Friday and Saturday. The train journey takes approximately 19 minutes.
3. **City Station**: Get off at Southern Cross Station in the city center.

Alternatively, you can also take a taxi or ride-hailing service from the airport, but using public transportation is a convenient and affordable option.

**Additional Tips:**

* You can purchase an Myki card at the airport or online before your trip. This card is used for public transportation in Melbourne.
* The Airport Link train ticket costs around $6-$8 AUD one way, depending on the time of travel.
* If you're traveling with a lot of luggage, consider taking a taxi or ride-hailing service.

I hope this helps! Let me know if you have any other questions.",,I don't have information about that in my sources.,,,,,,
is it still true that students have no limit on work hours like during covid,"No, from 1 July 2023, student visa holders are restricted to 48 hours of work a fortnight [S17_001]. This restriction applies when their course of study or training is in session. However, family members of Student visa holders can still work up to 48 hours a fortnight while the course is in session, but there are exceptions for Master's Degree by Research or Doctoral Degree students who can work more than 48 hours a fortnight [S03_001].",S03_003; S17_001; S17_003; S03_002; S03_001,"No. The pandemic relaxation ended on 30 June 2023. Since 1 July 2023 student visa holders can work up to 48 hours a fortnight while their course is in session, with no limit when it is not in session.",,,,,,
"im from a country that has a health agreement with australia, can i get medicare and will i still have to pay the doctor","You may be able to access Medicare services while visiting Australia if you're from a country we have an agreement with [6]. However, this doesn't necessarily mean you'll automatically receive a Medicare card or be eligible for full Medicare benefits. You can get care as a public patient in a public hospital without enrolling in Medicare [S05_010], but you may still need to pay some costs or provide proof of your identity and residency [22].",S05_011; S05_010; S05_002; S05_012; S07_001,"You may be able to enrol in Medicare if you're from a Reciprocal Health Care Agreement country, with documents depending on where you're from, and some health care costs can be covered. You can be treated as a public patient in a public hospital without enrolling. For a GP visit, you pay nothing only if you're enrolled and the doctor bulk bills.",,,,,,
how many hours a fortnight can i work while my classes are running,You cannot work more than 48 hours a fortnight when your course of study or training is in session [S03_002].,S03_003; S03_001; S17_001; S03_002; S17_003,"While your course is in session you can work up to 48 hours a fortnight. A fortnight is 14 days starting on a Monday, and the limit covers all your jobs combined.",,,,,,
how much is the fee if i need to extend my student visa,"If you need to extend your student visa in Australia, the fee will depend on the type of visa extension and the duration of the extension.

For a standard student visa extension (subclass 500), the application fee is currently AU$620 for Australian citizens and AU$1,260 for non-Australian citizens. This fee applies if you're applying online or through the Australian Visa Application Centre (VAC).

However, if you need to extend your stay beyond the initial two years of study, you'll need to apply for a new student visa (subclass 500) with the updated duration. In this case, there's no additional fee for the extension itself, but you'll still need to pay the application fee.

Additionally, some universities in Australia may charge an administration fee or a late payment fee if you're applying to extend your stay after the initial deadline.

It's always best to check with the Australian Government's Department of Home Affairs website or consult with the university's international office for the most up-to-date and accurate information on student visa extension fees.",,I don't have information about that in my sources.,,,,,,
how do i get my unpaid wages if the company i worked for went bankrupt,"If a company you worked for has gone bankrupt, it can be challenging to recover your unpaid wages. However, there are some steps you can take:

1. **Contact the Australian Securities and Investments Commission (ASIC)**: ASIC is responsible for administering the bankruptcy process in Australia. You can contact them to report the company's insolvency and ask about your entitlements.
2. **Check if the company has a liquidator**: If the company has appointed a liquidator, you may be able to claim your wages through them. The liquidator's role is to distribute the company's assets among its creditors.
3. **Contact the Fair Work Ombudsman (FWO)**: The FWO is responsible for enforcing workplace laws in Australia, including ensuring that employers pay their employees' wages. You can contact them to report your unpaid wages and ask about your entitlements under the Fair Work Act 2009.
4. **File a claim with the Bankruptcy Court**: If the company has gone into voluntary administration or bankruptcy, you may be able to file a claim with the Bankruptcy Court to recover your wages.
5. **Seek advice from an accredited insolvency practitioner (AIP)**: An AIP can provide guidance on your options and help you navigate the process of recovering your unpaid wages.

**Time limits**: Be aware that there are time limits for making claims, so it's essential to act quickly. The general rule is:

* For debts up to $5,000, you have 3 years from the date of the debt becoming due.
* For debts over $5,000, you have 6 years from the date of the debt becoming due.

**Additional tips**:

* Keep records of your work, including pay slips, contracts, and any correspondence with your employer.
* Don't ignore your unpaid wages – contact ASIC, FWO, or an AIP as soon as possible to explore your options.
* Be cautious of scams or unscrupulous individuals who may claim to be able to help you recover your wages for a fee.

Remember that recovering unpaid wages can be a complex and time-consuming process. It's essential to seek professional advice from an accredited insolvency practitioner (AIP) or the relevant authorities to ensure you're taking the right steps.",,I don't have information about that in my sources.,,,,,,
how much does a myki card cost,"The initial cost of a Myki card in Melbourne, Australia is $9.00 AUD (Australian Dollars). This includes the cost of the card itself and any available credit.

However, if you're purchasing a new Myki card for the first time, you'll also need to pay an additional $6.00 AUD deposit, which is refundable when you return your card.

It's worth noting that some Myki cards may be purchased with a concession or discount, depending on your eligibility and circumstances.",,"A physical myki costs $6 full fare, $3 concession or $5 youth, and you need to top it up separately before you can travel.",,,,,,
What fare applies to metropolitan train journeys completed before 7:15am on weekdays?,"For metropolitan train journeys completed before 7:15 am on weekdays, the fare is $4.50 (as of my cut-off date in December 2023). However, please note that fares are subject to change over time and may not reflect any recent adjustments.

It's always best to check with Transport for NSW or a reliable source for the most up-to-date information on train fares in Sydney, Australia.",,"The early bird fare: the trip is free if you travel on a metropolitan train (or a V/Line service between Pakenham or Sunbury and Melbourne), keep a positive myki balance, and tap on and off within 2 hours before 7:15am on a weekday.",,,,,,
"i think ive been underpaid for weeks, what should i check first and how do i bring it up with my boss","Sorry to hear that you're concerned about being underpaid!

To address this issue, let's break it down into steps:

**Step 1: Check your pay stubs**

Carefully review your recent pay stubs to ensure accuracy. Make sure to check the following:

* Your gross income
* Any deductions (e.g., taxes, superannuation)
* Your net pay (take-home pay)
* The payment dates and amounts

Compare your pay stubs with your expected pay stubs to identify any discrepancies.

**Step 2: Review your employment contract**

Check your employment contract or agreement to see if it outlines:

* Your salary structure
* Payment terms
* Any specific requirements for reporting errors or discrepancies

This will help you understand your contractual obligations and what you need to do next.

**Step 3: Check your payslip details online (if available)**

If your employer provides an online portal for viewing pay stubs, check if there are any discrepancies or errors. Some employers may also offer a ""pay slip history"" feature that allows you to view previous pay stubs.

**Step 4: Schedule a meeting with your boss**

To discuss the issue with your boss, schedule a meeting at a convenient time. Be prepared to:

* Clearly explain the discrepancy and provide evidence (e.g., pay stubs)
* Specify what you're requesting (e.g., rectification of underpayment)
* Show willingness to work together to resolve the issue

**How to bring it up with your boss:**

1. Choose a private meeting time and location.
2. Start by expressing your concern in a non-confrontational manner:
	* ""Hi [Boss's Name], I wanted to discuss my recent pay stubs with you.""
	* ""I've noticed some discrepancies on my pay slips, and I'd like to clarify the situation.""
3. Present the evidence (pay stubs) and explain the issue.
4. Specify what you're requesting:
	* ""I believe I've been underpaid for [number] weeks. Could we discuss how to rectify this?""
	* ""I'd appreciate it if you could review my pay slips and ensure that everything is accurate.""
5. Listen to your boss's response and be open to their explanation or solution.

Example script:

""Hi [Boss's Name], I wanted to discuss my recent pay stubs with you. I've noticed some discrepancies on my pay slips, and I'd like to clarify the situation. Could we review my pay stubs together and",,"Check what you've been paid using your pay slips, rosters and bank statements, then work out your correct rate from your award or agreement. Arrange a time to talk to your employer, show them what you found and take notes; you can bring a support person. Afterwards, send a follow-up email summarising what was agreed and give them about a week to respond.",,,,,YES,
can i get a concession myki as an international student and how much would it save me,"As an international student, you may be eligible for a concession myki. According to [S13_006], concessions include students, pensioners, seniors, disability support, and healthcare card holders. However, I don't have information about the specific eligibility criteria or application process for international students.

I don't have information about how much it would save you as an international student with a concession myki.",S13_008; S16_001; S16_007; S13_006; S16_005,"Whether you're eligible depends on your state and the type of course you're studying, so check with your education provider. Concession fares are 50% off, a concession myki card costs $3, and concession daily caps are $2.85 on weekdays and $2.00 on weekends.",,,,,,
"Under visa condition 8105, is work undertaken as part of a mandatory course placement counted towards the fortnightly work limitation?","Under Visa Condition 8105 (subclass 485 Temporary Graduate), work undertaken as part of a mandatory course placement is generally considered to be exempt from the fortnightly work limitation.

This means that if you are undertaking a mandatory course placement, you will not be counted towards the 40 hours per fortnight work limit. However, it's always best to check with the Australian Government Department of Home Affairs or seek advice from an authorized visa agency for the most up-to-date and accurate information on your specific circumstances.",,"No, if the placement is a mandatory part of your course and included in the course's CRICOS registration. Work experience that is not mandatory, or goes beyond what the course requires, counts towards the 48 hours, whether paid or unpaid.",,,,,,
how much does a myki card cost,"A physical myki card costs $6 for full fare, $3 for concession, and $5 for youth. [S16_001]",S16_001; S16_002; S13_008; S13_006; S16_005,"A physical myki costs $6 full fare, $3 concession or $5 youth, and you need to top it up separately before you can travel.",,,,,,
what is an abn and can anyone get one,"An Australian Business Number (ABN) is a unique 11-digit number that identifies a business or organisation to the government and community [S01_001]. Not everyone is entitled to an ABN, as you may face prosecution or criminal charges if you apply for an ABN when you're not entitled [S01_001].",S01_001; S01_005; S01_004; S01_002; S01_003,"An ABN (Australian business number) is a unique 11-digit number that identifies your business to the government and community. Not everyone is entitled to one, and applying when you're not entitled can lead to prosecution.",,,,,,
what time is the last train on a friday night in melbourne,I don't have information about that in my sources.,S13_007; S13_008; S16_001; S13_005; S13_002,I don't have information about that in my sources.,,,,,,
what is an abn and can anyone get one,"An ABN (Australian Business Number) is a unique identifier assigned to Australian businesses, including sole traders, partnerships, companies, and trusts. It's used for tax purposes and is required for various business activities, such as:

* Registering with the Australian Taxation Office (ATO)
* Opening a business bank account
* Paying taxes and superannuation
* Issuing invoices and receipts

To get an ABN, you typically need to meet one of the following conditions:

1. **Business registration**: You must be registered for an Australian Business Number when registering your business with the Australian Securities & Investments Commission (ASIC).
2. **Taxation**: If you're required to lodge a tax return or pay taxes, you may be eligible for an ABN.
3. **E-commerce or online sales**: If you sell goods or services online and earn more than $75,000 in a calendar year, you'll need an ABN.

Anyone can apply for an ABN, but there are some exceptions:

* **Individuals with no business income**: If you're an individual with no business income, you don't need an ABN. However, if your income exceeds the threshold (currently $180,000), you may be required to lodge a tax return and obtain an ABN.
* **Non-resident foreigners**: Non-resident foreigners can apply for an ABN, but they must meet specific requirements, such as having a Australian address or being registered with the ATO.

To apply for an ABN, you'll need to:

1. Register on the Australian Business Register (ABR)
2. Complete the ABN application form
3. Provide required documents, such as your business registration certificate or tax file number

You can apply online through the Australian Government's website or by contacting the ATO directly.

Please note that requirements may change over time, so it's always a good idea to check the official government websites for the most up-to-date information.",,"An ABN (Australian business number) is a unique 11-digit number that identifies your business to the government and community. Not everyone is entitled to one, and applying when you're not entitled can lead to prosecution.",,,,,,
can i get a concession myki as an international student and how much would it save me,"As an international student in Australia, you may be eligible for a Myki Concession Card, which can provide discounts on public transportation fares.

To be eligible for the Myki Concession Card, you'll need to meet certain requirements:

1. You must be a student enrolled in an Australian educational institution.
2. You must have a valid Student ID card or other accepted identification documents.
3. You must not be receiving any government payments (e.g., Centrelink benefits).

If you meet these requirements, you can apply for the Myki Concession Card through the Public Transport Victoria (PTV) website or at a participating service centre.

The concession fare on Myki is 40% off the standard adult fare. The exact savings will depend on your travel patterns and the distance you travel.

Here's an example of how much you could save:

* Standard adult fare: $4.50
* Concession fare (Myki): $2.70 (40% discount)
* Savings per trip: $1.80

Assuming you take 5 trips per week, your weekly savings would be:
$1.80 x 5 = $9.00

Over a month (assuming 4 weeks), your monthly savings would be:
$9.00 x 4 = $36.00

Keep in mind that these are just estimates, and your actual savings may vary depending on your travel habits.

It's worth noting that the Myki Concession Card is valid for 3 years from the date of issue, so you'll need to renew it periodically if you continue to use public transportation.

I hope this information helps! Let me know if you have any further questions.",,"Whether you're eligible depends on your state and the type of course you're studying, so check with your education provider. Concession fares are 50% off, a concession myki card costs $3, and concession daily caps are $2.85 on weekdays and $2.00 on weekends.",,,,,,
is it legal for a cafe to make me do an unpaid trial shift,"It's unlikely that a cafe would be allowed to make you do an unpaid trial shift, as this could be considered a breach of your work rights. According to [S03_003], any work experience/work placement that is not a mandatory course requirement, or that is in excess of the period required in the course registration, is included in a student's work limitation of 48 hours a fortnight.

Additionally, as a Student visa holder, you are considered to have worked if you have attended a place of work for a period by a roster or timesheet (but not during unpaid breaks) [S03_003]. This means that even if the shift is unpaid, it can still be counted towards your 48 hours a fortnight limit.

However, I don't have information about specific laws or regulations regarding unpaid trial shifts in Australia. It's recommended to check with the Fair Work Ombudsman website for more information on workplace rights and entitlements for visa holders and migrant workers [S03_003].",S03_002; S09_003; S09_002; S17_003; S03_003,I don't have information about that in my sources.,,,,,,
what time is the last train on a friday night in melbourne,"Unfortunately, I'm a large language model, I don't have real-time access to current schedules and timetables.

However, I can suggest some options for you to find out the last train time on a Friday night in Melbourne:

1. Check the Public Transport Victoria (PTV) website: You can visit the PTV website ([www.ptv.vic.gov.au](http://www.ptv.vic.gov.au)) and use their journey planner tool to plan your trip and get the latest information on train schedules.
2. Use a journey planner app: Apps like Citymapper, Moovit, or Transit can also provide you with real-time information on public transportation schedules, including trains in Melbourne.
3. Contact PTV customer service: You can contact PTV's customer service team directly to ask about the last train time on a Friday night.

Please note that train schedules and times are subject to change, so it's always best to check for the latest information before your trip.",,I don't have information about that in my sources.,,,,,,
how much super should my employer be paying into my account,"In Australia, your employer is required to contribute to your Superannuation (Retirement Savings) fund on a regular basis.

The amount your employer needs to pay into your Super account varies depending on the type of employment arrangement you have. Here are some general guidelines:

* For most employees, the minimum super guarantee contribution rate is 10.1% of their ordinary time earnings (OTE). This includes:
	+ 4% for the first $51,800 of OTE
	+ 5% for OTE between $51,801 and $120,000
	+ 6.15% for OTE above $120,000
* For employees who are eligible for the Low and Middle Income Tax Offset (LMITO), the super guarantee contribution rate is reduced to 9.5% of their OTE.

It's worth noting that these rates apply to your total ordinary time earnings, which may include overtime, bonuses, and other forms of additional pay.

Your employer should be paying the correct amount into your Super account on a regular basis, usually through direct credit or payroll deductions. If you're unsure about the amount being paid or have any concerns, it's best to speak with your HR representative or seek advice from the Australian Taxation Office (ATO) or a registered superannuation fund administrator.",,I don't have information about that in my sources.,,,,,,
i just enrolled in uni what should i do first give me a roadmap for the same,"Congratulations on enrolling in university! Here's a step-by-step roadmap to help you settle into your new life in Australia:

1. **Obtain a Unique Student Identifier (USI)**: Create a USI as soon as possible after arriving in Australia using your non-Australian passport and Australian visa as forms of ID. This will allow you to get your qualification or statement of attainment.
2. **Update your address**: Inform your education provider of your residential address within 7 days of arriving in Australia. You can also update your contact details with your current education provider if you have changed your education provider.
3. **Get familiar with your campus**: Visit your new campus before classes start to get to know your best travel route and navigate the campus. Many education providers offer Orientation Week (O-Week), usually the week before classes start, which is an excellent opportunity to make friends, meet staff members, and get to know your campus.
4. **Complete necessary forms**: If you're changing your course of study or research topic, complete Form 1221 - Additional personal particulars information and submit a 8203/8204 Change of Study Assessment Request.
5. **Check for visa conditions**: Ensure you comply with all visa conditions, including condition 8516, which requires you to continue satisfying the criteria for the grant of your visa.
6. **Maintain adequate arrangements for your education**: If you're younger than 18 years old, ensure you have accommodation and support, and your general welfare must be maintained for the duration of your stay in Australia.
7. **Get settled with your finances**: Set up a bank account, get an Australian phone number, and explore other financial options to help you settle into your new life.

By following these steps, you'll be well on your way to settling into your new life in Australia as an international student.",S03_007; S15_004; S03_008; S15_001; S03_010,"Create your Unique Student Identifier (USI) as soon as you arrive and give it to your provider, tell your education provider your residential address within 7 days of arriving, set up a phone, open a bank account (bring your eCoE, passport and proof of address) and get a Tax File Number, and visit your campus and attend O-Week before classes start.",,,,,,
what is the tax free threshold for international students,"For international students in Australia, the tax-free threshold varies depending on the type of income and the individual's circumstances.

 Generally, international students are considered non-residents for tax purposes, which means they do not pay tax on their Australian-sourced income. However, if an international student has foreign-sourced income, they may be required to pay tax on that income.

The tax-free threshold for international students in Australia is typically the same as for Australian residents, which is $18,201 (2022-2023) for the 2022-2023 financial year. This means that if an international student has foreign-sourced income below this amount, they will not be required to pay tax on it.

However, it's essential to note that international students may still need to report their income and pay tax on certain types of income, such as:

* Scholarships or grants
* Employment income (if they are working in Australia)
* Rental income from Australian properties

It's also worth noting that international students may be eligible for a foreign income tax offset, which can reduce the amount of tax they owe to their home country.

I would recommend checking with the Australian Taxation Office (ATO) or seeking advice from a tax professional to confirm the specific tax implications for your individual circumstances.",,I don't have information about that in my sources.,,,,,,
What action may an employee take if an employer fails to issue pay slips after a request has been made?,"If an employer fails to issue pay slips after a request has been made, the employee can give them the information on the website about pay slips [S09_003] and ask to have a meeting with their employer.",S09_005; S09_002; S09_001; S09_003; S09_004,"Give your employer the Fair Work information about pay slips and ask for a meeting. Allow them at least 7 days to provide all your pay slips before taking further steps, such as getting help from the Fair Work Ombudsman.",,,,,,
"Under visa condition 8105, is work undertaken as part of a mandatory course placement counted towards the fortnightly work limitation?","Yes, if a work experience unit forms a mandatory component of a student's course and is included in the CRICOS registration of that course, it will not be included in the student's work restriction of 48 hours a fortnight. However, any work experience/work placement that is not a mandatory course requirement, or that is in excess of the period required in the course registration, is included in a student's work limitation of 48 hours a fortnight [S03_002].",S03_003; S17_001; S03_001; S03_002; S17_002,"No, if the placement is a mandatory part of your course and included in the course's CRICOS registration. Work experience that is not mandatory, or goes beyond what the course requires, counts towards the 48 hours, whether paid or unpaid.",,,,,,
what do i need to sign up for medicare online,"To enrol in Medicare online, you and your family members need to live in Australia, have a current passport or ImmiCard, and have valid visa details from the Department of Home Affairs [S05_004]. If you want to enrol as a family, you'll also need to provide details and identity documents for any children under 15.",S05_006; S05_004; S05_005; S05_009; S05_011,"You enrol through myGov. You need to live in Australia, have a current passport or ImmiCard, and have valid visa details from the Department of Home Affairs if you're not an Australian citizen. Create a myGov account first if you don't have one.",,,,,,
if i contact fair work about my job will they tell my employer,"No, [S10_006] If you think your pay isn’t right, arrange a time to talk to your employer and show them what you’ve found. This can often be a good opportunity to clear up any misunderstandings about your classification and pay rate. Bring a support person along if that helps you. Sometimes this can help you remember what to raise with your employer and what is discussed. Have the information you’ve gathered to show your employer. Stay calm and listen. Be open about what you believe your correct pay rate is and what you think you’re owed. If your employer isn’t sure if there’s been an underpayment, they can contact us (www.fairwork.gov.au/about-us/contact-us) to confirm. You may wish to contact us together. Write some notes during or after the meeting about what was discussed and agreed to.",S08_004; S09_003; S10_006; S09_008; S10_012,"No. The Fair Work Ombudsman won't contact your employer unless you give them permission. You can also lodge an anonymous report, in English or another language.",,,,,,
which documents will the bank ask for when i open my first account here,"When opening your first account with an Australian bank, you can expect the bank to request some or all of the following documents:

1. **Proof of Identity**: A valid passport, visa (if applicable), or other government-issued ID that proves your identity.
2. **Proof of Address**: Utility bills (e.g., electricity, gas, water, or internet) with your name and current address, dated within the last 3 months. Alternatively, a lease agreement or rental contract can also be accepted.
3. **Passport-style Photo**: A recent, passport-style photo that meets the bank's requirements.
4. **Proof of Income**: Documents showing your income, such as:
	* Pay slips (if you have a job)
	* Student loan documents (if applicable)
	* Scholarship award letters (if applicable)
	* Proof of pension or other regular income
5. **Tax File Number (TFN)**: You may need to provide your TFN, which is usually issued by the Australian Taxation Office (ATO).
6. **Bank Reference**: Some banks may request a bank reference from your previous bank or financial institution.
7. **Completed Account Opening Form**: You'll typically need to fill out an account opening form, which will ask for personal and banking details.

Please note that specific document requirements may vary depending on the bank, your individual circumstances, and any special conditions of your visa (if applicable). It's always a good idea to check with the bank ahead of time or visit their website to confirm their documentation requirements.",,"Visit a bank branch, say you're an international student, and bring your electronic Confirmation of Enrolment (eCoE), your passport and proof of your Australian address, such as a phone bill or lease. A Tax File Number isn't needed to open the account, but without one you're taxed at a higher rate.",,,,,,
does medicare pay for going to the dentist,I don't have information about that in my sources.,S05_010; S07_001; S05_007; S05_002; S05_011,I don't have information about that in my sources.,,,,,,
is it still true that students have no limit on work hours like during covid,"During the COVID-19 pandemic, there was a temporary relaxation of rules regarding student work hours in Australia. However, this relaxation has largely ended.

Prior to the pandemic, Australian universities had rules governing student work hours, which were designed to ensure that students did not overwork themselves and maintain their academic performance.

In 2020, during the height of the pandemic, some states and territories in Australia temporarily relaxed these rules, allowing international students to work longer hours without restrictions. However, this was a one-off measure and not a permanent change to the rules.

As of my knowledge cutoff, student work hour rules have largely returned to pre-pandemic levels. Most universities in Australia still have rules that limit the number of hours a student can work per week, typically around 20-30 hours, to ensure they have sufficient time for study and academic pursuits.

It's always best to check with your university or specific employment agency for the most up-to-date information on work hour restrictions, as these can vary depending on the institution and location.",,"No. The pandemic relaxation ended on 30 June 2023. Since 1 July 2023 student visa holders can work up to 48 hours a fortnight while their course is in session, with no limit when it is not in session.",,,,,,
"my boss says he will cancel my visa if i complain, can he actually do that","In Australia, your employer's threat to cancel your visa if you complain is a serious matter.

Under Australian law, employers are not allowed to threaten or take action against employees who make complaints about workplace issues, including those related to their work visa.

The Fair Work Act 2009 and the Migration Regulations 1999 provide protection for migrant workers, including those on temporary visas. If an employer threatens to cancel a worker's visa in response to a complaint, it may be considered a breach of the law.

Specifically:

1. **Section 32 of the Fair Work Act**: This section prohibits employers from taking adverse action against employees who make a complaint about workplace issues, including those related to their employment contract or working conditions.
2. **Migration Regulation 1328-2007**: This regulation states that an employer cannot cancel or refuse to renew a migrant worker's visa solely because the worker has made a complaint about their employment.

If you believe your employer is threatening to cancel your visa in response to your complaint, you should:

1. Document all relevant conversations and interactions with your employer.
2. Seek advice from an employee advocate, union representative (if applicable), or a lawyer specializing in migration law.
3. Report the incident to Fair Work Australia or the Australian Border Force (if you're on a visa that allows it).
4. Consider lodging a complaint with the relevant authorities, such as the Fair Work Ombudsman or the Department of Home Affairs.

Remember, your employer cannot unilaterally cancel your visa in response to a complaint. You have rights and protections under Australian law, and there are people who can help you navigate this situation.

Please note that this is general information and not specific advice for your individual circumstances. If you're concerned about your visa or employment situation, it's always best to seek advice from a qualified professional.",,"No. Only the Department of Home Affairs can cancel a visa, not your employer. Visa protection pilot programs also let eligible visa holders experiencing workplace exploitation seek help without fear of visa cancellation.",,,,,,
Which categories of persons are eligible to enrol in Medicare?,"In Australia, the following categories of persons are eligible to enroll in Medicare:

1. Australian citizens
2. New Zealand citizens (with a valid New Zealand passport)
3. Refugees who have been granted protection visas or humanitarian entrants
4. Asylum seekers who have been granted temporary protection visas
5. Family members of Australian citizens, including spouses and dependents
6. People with permanent medical evacuations from Australia

Additionally, some other groups may also be eligible to enroll in Medicare, such as:

* People with a valid visa that allows them to live and work in Australia (e.g., skilled migrant visas)
* People who have been granted a special category visa (SCV) for humanitarian reasons
* People who are on the Australian government's refugee resettlement program

It's worth noting that not everyone living in Australia is eligible for Medicare, such as international students or people who are not permanent residents.",,"People living in Australia who are Australian or New Zealand citizens, permanent residents, people applying for permanent residency, or temporary residents covered by a ministerial order, plus citizens or permanent residents of Norfolk, Cocos (Keeling), Christmas and Lord Howe Islands. Visitors from a Reciprocal Health Care Agreement country may be able to enrol. You must be in Australia to enrol.",,,,,,
"i worked more hours than my visa allows and now my boss is underpaying me, can i still get help without losing my visa","You can contact us for help if you are worried about speaking to your employer. If you aren’t comfortable speaking to us directly or want to notify us on behalf of someone else, you can lodge an anonymous report in English (www.fairwork.gov.au/workplace-problems/fixing-a-workplace-problem/get-our-help-with-a-workplace-problem/anonymous-reporting) or another language (www.fairwork.gov.au/workplace-problems/fixing-a-workplace-problem/get-help-with-a-workplace-problem-in-your-language).",S03_002; S08_003; S08_004; S10_009; S17_003,"Yes. You're entitled to all your workplace entitlements and protections even if you haven't followed the rules of your visa. Reporting protection pilots let eligible visa holders seek help without fear of visa cancellation, and Fair Work won't contact your employer without your permission.",,,,,,
do i have to lodge a tax return as an international student,"As an international student in Australia, you may need to lodge a tax return if you meet certain conditions.

In general, you are required to lodge a tax return if:

1. You have received income from an Australian source (e.g., scholarship, part-time job, or rental income) and the total amount is $450 or more.
2. You have paid tax withheld on any income you've received, but the amount is less than $430.

However, there are some exceptions:

* If you're a student on a student visa (subclass 500), you may not need to lodge a tax return if your income is below the threshold ($450 or more).
* If you're a temporary resident (e.g., working holiday maker) and your income is below $450, you don't need to lodge a tax return.

It's essential to note that even if you don't need to lodge a tax return, you may still need to report certain types of income on the Australian Taxation Office (ATO) website or through the myGov portal.

To confirm whether you need to lodge a tax return, I recommend checking the ATO website or consulting with the Australian Taxation Office directly. They can provide personalized advice based on your specific situation.

Additionally, as an international student, it's also recommended that you:

* Register for an Australian Tax File Number (TFN) if you haven't already done so.
* Keep records of all income and expenses related to your studies and living in Australia.
* Consider seeking tax advice from a registered tax agent or accountant familiar with international students' needs.

Remember, it's always better to err on the side of caution and seek professional advice if you're unsure about your tax obligations as an international student in Australia.",,I don't have information about that in my sources.,,,,,,
What action may an employee take if an employer fails to issue pay slips after a request has been made?,"If an employee requests pay slips from their employer and they fail to provide them, the employee can take the following actions:

1. **Request for clarification**: The employee should ask the employer why the pay slips are not being issued.
2. **Check company policies**: Review the company's policies or employee handbook to see if there is a specific procedure for requesting pay slips.
3. **Contact HR or management**: If the issue persists, the employee can contact Human Resources (HR) or management to request an explanation and resolution.
4. **File a complaint with Fair Work Ombudsman (FWO)**: In Australia, employees can file a complaint with the Fair Work Ombudsman if they believe their employer is not complying with pay slip requirements under the Fair Work Act 2009.

It's essential for employees to keep records of their requests and any correspondence with their employer regarding pay slips.",,"Give your employer the Fair Work information about pay slips and ask for a meeting. Allow them at least 7 days to provide all your pay slips before taking further steps, such as getting help from the Fair Work Ombudsman.",,,,,,
is there a max amount i pay per day for trains and trams,"In Australia, the maximum daily cap on public transportation fares varies depending on the state or territory you're in.

**New South Wales (NSW):**
The Opal card has a daily cap of $16.50 AUD for unlimited travel on trains, buses, and ferries.

**Victoria:**
The Myki card has a daily cap of $7.10 AUD for unlimited travel on trams, buses, and trains.

**Queensland:**
The Go Card has a daily cap of $8.40 AUD for unlimited travel on buses, trains, and ferries.

**South Australia:**
The SA Smartcard has a daily cap of $6.00 AUD for unlimited travel on buses and trains.

**Western Australia:**
There is no daily cap on public transportation fares in Perth, but you can purchase an Opal-like card called the Transperth Visitor Pass, which offers discounts for tourists.

**Tasmania:**
The Tasmanian Transport App has a daily cap of $6.00 AUD for unlimited travel on buses and ferries.

**Australian Capital Territory (ACT):**
There is no daily cap on public transportation fares in Canberra, but you can purchase an Opal-like card called the MyWay card, which offers discounts for tourists.

Please note that these prices are subject to change, so it's always best to check with the relevant transport authority or website for the most up-to-date information.",,"Yes, a daily fare cap. With public transport half price until 1 January 2027, the weekday cap is $5.70 full fare or $2.85 concession, and the weekend cap is $4.00 full fare or $2.00 concession. Once you hit the cap, travel is free for the rest of the day.",,,,,,
"i worked more hours than my visa allows and now my boss is underpaying me, can i still get help without losing my visa","I'm so sorry to hear that you're in this situation!

Working more hours than allowed on your visa can lead to some complex issues. If your boss is underpaying you as a result, it's essential to address the issue while minimizing potential risks to your visa.

Here are some steps you can take:

1. **Check your visa conditions**: Review your visa agreement or contract to understand the specific rules and regulations regarding working hours and pay. This will help you determine if you've exceeded your allowed hours.
2. **Seek advice from an employee rights organization**: Reach out to organizations like the Australian Council of Trade Unions (ACTU), Fair Work Ombudsman, or the Migrant Rights Centre Australia for guidance on your specific situation. They can provide you with information on your rights and potential next steps.
3. **Talk to your boss**: Schedule a meeting with your employer to discuss the underpayment issue. Be prepared to explain the situation and provide evidence (e.g., pay slips, contracts) to support your claim. Try to resolve the issue amicably, as this may help prevent any further complications.
4. **Consider seeking assistance from a lawyer**: If talking to your boss doesn't work, or if you're unsure about your rights, consider consulting with an immigration lawyer or an employment law specialist. They can help you navigate the situation and provide advice on how to protect your visa.

To minimize potential risks to your visa:

* **Don't admit to exceeding allowed hours**: Avoid admitting to working more hours than allowed on your visa, as this could be seen as a breach of conditions.
* **Focus on resolving the underpayment issue**: Emphasize the need for back pay and rectification of the underpayment, rather than discussing the initial overwork.
* **Keep records and evidence**: Maintain accurate records of your work hours, pay slips, and any communication with your employer. This will help support your claim if needed.

Remember that every situation is unique, and it's essential to seek personalized advice from a qualified professional.

Please note that this is general guidance only, and the specific circumstances of your case may affect the outcome. If you're concerned about your visa or employment situation, I recommend consulting with an immigration lawyer or seeking advice from a reputable organization specializing in employee rights.",,"Yes. You're entitled to all your workplace entitlements and protections even if you haven't followed the rules of your visa. Reporting protection pilots let eligible visa holders seek help without fear of visa cancellation, and Fair Work won't contact your employer without your permission.",,,,,,
which documents will the bank ask for when i open my first account here,"To open a bank account in Australia as an international student, you will need to provide electronic Confirmation of Enrolment (eCoE) [S15_003] and proof of your address in Australia, such as a phone bill or lease agreement.",S15_003; S10_002; S08_002; S05_003; S15_004,"Visit a bank branch, say you're an international student, and bring your electronic Confirmation of Enrolment (eCoE), your passport and proof of your Australian address, such as a phone bill or lease. A Tax File Number isn't needed to open the account, but without one you're taxed at a higher rate.",,,,,,
is it legal for a cafe to make me do an unpaid trial shift,"In Australia, it is generally not acceptable for a cafe to require you to complete an unpaid trial shift as a condition of employment.

Under the Fair Work Act 2009 (Cth), employees are entitled to be paid for all work performed, including trial shifts. The Act states that an employer must pay an employee for all work done, unless the work is specifically exempted under the Act.

In some cases, an unpaid trial shift may be allowed if it meets certain conditions:

1. The trial shift is for a short period (usually less than 2 weeks).
2. You are given clear information about what you will be doing and how long it will last.
3. You have the opportunity to ask questions and seek clarification before starting the trial shift.
4. The trial shift is not used as a means of testing your suitability for employment or as a way to avoid paying you.

However, if any of these conditions are not met, requiring an unpaid trial shift may be considered unfair and potentially unlawful.

If you're offered a trial shift with no pay, it's best to:

1. Ask the employer why they're not paying you.
2. Request clarification on what you'll be doing and for how long.
3. Consider seeking advice from a student union representative or an employment lawyer.
4. Be prepared to walk away if you feel it's unfair.

Remember that your rights as an employee are protected under Australian law, and you shouldn't have to compromise your pay or working conditions without a good reason.",,I don't have information about that in my sources.,,,,,,
i just enrolled in uni what should i do first give me a roadmap for the same,"Congratulations on your university enrollment! Here's a step-by-step roadmap to help you get started:

**Week 1-2: Settling In**

1. **Confirm Your Enrolment**: Check your email for any confirmation of your enrolment and verify the details, including your student ID number, course details, and start date.
2. **Register with the University's Student Portal**: Create an account on the university's online portal to access important information, such as your timetable, grades, and financial transactions.
3. **Set up Your Student Email Account**: Check your email regularly for important communications from the university, including course materials, assignments, and deadlines.

**Week 2-4: Preparing for Classes**

1. **Purchase Essential Items**: Buy necessary stationery, textbooks, and equipment specific to your course (e.g., art supplies, musical instruments).
2. **Familiarize Yourself with Campus Facilities**: Explore the university's campus, including libraries, lecture theaters, and student services.
3. **Attend Orientation Sessions**: Participate in orientation sessions or welcome events to meet fellow students, professors, and learn about university policies.

**Week 4-6: Organizing Your Time**

1. **Create a Study Schedule**: Plan out your study routine, including dedicated time for classes, assignments, and self-study.
2. **Set Up a Study Space**: Designate a quiet, comfortable area for studying and learning.
3. **Get Familiar with University Resources**: Explore the university's online resources, such as libraries, tutoring services, and academic support.

**Ongoing: Staying Organized and Engaged**

1. **Regularly Check Your Email and Student Portal**: Stay up-to-date with important announcements, deadlines, and course materials.
2. **Attend Classes and Participate in Lectures**: Actively engage with your coursework, ask questions, and seek feedback from professors.
3. **Seek Help When Needed**: Don't hesitate to reach out to professors, teaching assistants, or academic support services for help with coursework or personal issues.

Remember, it's normal to feel overwhelmed when starting university life. Take your time, stay organized, and don't be afraid to ask for help when you need it. Good luck!",,"Create your Unique Student Identifier (USI) as soon as you arrive and give it to your provider, tell your education provider your residential address within 7 days of arriving, set up a phone, open a bank account (bring your eCoE, passport and proof of address) and get a Tax File Number, and visit your campus and attend O-Week before classes start.",,,,,,
do i need a tax file number to open a bank account or to apply for an abn,"In Australia, you'll typically need a Tax File Number (TFN) when:

1. **Opening a bank account**: Yes, most banks in Australia require you to have a TFN when opening a bank account. You can usually provide your TFN on the bank's application form or when filling out the account opening process online.
2. **Applying for an ABN (Australian Business Number)**: No, you don't need a TFN to apply for an ABN. To register for an ABN, you'll typically need to provide identification documents, such as your passport, driver's license, or other government-issued ID.

However, if you're applying for an ABN as a sole trader or business owner, you may be required to provide your TFN on the Australian Business Register (ABR) application form. But this is not always the case, and it depends on the specific circumstances of your business registration.

It's always best to check with the bank or the Australian Business Register for specific requirements, as these can change over time.",,"You don't need a TFN to open a bank account, but without one you'll be taxed at a higher rate, so get one and give it to your bank. For an ABN, providing your TFN helps your application be processed faster.",,,,,,
how much is the fee if i need to extend my student visa,I don't have information about that in my sources.,S03_015; S03_012; S03_016; S03_014; S03_013,I don't have information about that in my sources.,,,,,,
"i think ive been underpaid for weeks, what should i check first and how do i bring it up with my boss","First, you need to know what you’re currently getting paid. You can check your pay slips, rosters of the hours you’ve worked, bank statements, or employment records [S10_002]. 

To bring it up with your boss, arrange a time to talk to them and show them what you've found, bringing any relevant information such as pay slips or bank statements [S10_006].",S10_006; S10_001; S10_002; S10_003; S10_007,"Check what you've been paid using your pay slips, rosters and bank statements, then work out your correct rate from your award or agreement. Arrange a time to talk to your employer, show them what you found and take notes; you can bring a support person. Afterwards, send a follow-up email summarising what was agreed and give them about a week to respond.",,,,,,
how do i get from melbourne airport to the city on public transport,"To get from Melbourne Airport to the city on public transport, you can take the Skybus bus [S15_005] and then transfer to the Metro train. The Skybus bus is a convenient option that runs frequently throughout the day. You can pay for your ticket using myki [S13_001].",S13_007; S13_001; S16_001; S15_005; S16_006,I don't have information about that in my sources.,,,,,,
does medicare pay for going to the dentist,"In Australia, Medicare is primarily a public health insurance scheme that covers medical expenses, not dental expenses.

However, there are some exceptions and additional options available:

1. **Children's Dental Services**: For children under 18 years old, Medicare may cover certain dental services, such as check-ups, X-rays, and fluoride treatments.
2. **Pregnancy and Postnatal Care**: Medicare may also cover dental services related to pregnancy and postnatal care, such as check-ups and treatment for oral health issues that affect pregnancy or breastfeeding.
3. **Dental Services for People with Disabilities**: For people with disabilities, Medicare may cover dental services that are deemed medically necessary.

For adults, Medicare does not typically cover routine dental services, such as:

* Check-ups
* Cleanings
* Fillings
* Crowns
* Bridges

However, some Australians may be eligible for **Dental Benefits Scheme (DBS)**, which is a government-funded program that provides subsidized dental care for low-income individuals and families. To be eligible, you'll need to meet certain income and eligibility criteria.

It's always best to check with your local dentist or the Australian Government Department of Health for more information on Medicare coverage and other options available to you.",,I don't have information about that in my sources.,,,,,,
"im from a country that has a health agreement with australia, can i get medicare and will i still have to pay the doctor","If you're from a country with a health agreement with Australia, it's likely that you'll be eligible for Medicare, which is Australia's public healthcare system.

Under the health agreements in place between Australia and certain countries (such as New Zealand, Singapore, Hong Kong, and some Pacific Island nations), citizens of those countries are generally entitled to access Australian government-funded healthcare services, including Medicare.

This means that you may be able to receive a Medicare card, which will allow you to access free or low-cost healthcare services in Australia, including doctor visits, hospital treatments, and other medical services.

However, it's essential to note that even if you're eligible for Medicare, you may still need to pay some out-of-pocket costs for certain services. For example:

* You might need to pay a copayment (a small fee) for each doctor visit or medical service.
* Some specialist services or treatments might require a higher copayment or a separate payment.
* You may be responsible for paying for prescription medications, unless they're covered under your Medicare plan.

To confirm your eligibility and understand the specific arrangements in place for your country, I recommend checking with the Australian Government's Department of Health website or contacting the Australian embassy or consulate in your home country. They can provide you with more detailed information on how to access Medicare and what costs you might incur.

Additionally, it's a good idea to research private health insurance options if you want to have additional coverage for services not covered by Medicare. Some international students may choose to purchase private health insurance to supplement their public healthcare benefits.

I hope this helps! If you have any more questions or concerns, feel free to ask.",,"You may be able to enrol in Medicare if you're from a Reciprocal Health Care Agreement country, with documents depending on where you're from, and some health care costs can be covered. You can be treated as a public patient in a public hospital without enrolling. For a GP visit, you pay nothing only if you're enrolled and the doctor bulk bills.",,,,,,
how much super should my employer be paying into my account,"You are entitled to have superannuation contributions made on your behalf by your employer, and this amount is usually 10.5% of your ordinary time earnings [S09_002].",S10_006; S10_002; S09_002; S09_003; S10_001,I don't have information about that in my sources.,,,,,,
do i have to lodge a tax return as an international student,"As an international student, you are required to lodge a tax return if you meet certain conditions, such as having a Tax File Number (TFN) and being employed or receiving income from Australia. However, the exact requirements may vary depending on your individual circumstances.

According to [S15_003], you should get a TFN and submit it to the bank when opening a bank account, but it's not explicitly stated that you need to lodge a tax return with this information alone. 

However, [S03_015] mentions condition 8535, which is mandatory on subclass 500 Student visas for students sponsored by the Department of Foreign Affairs and Trade or Department of Defence. It does not mention anything about lodging a tax return.

It's recommended that you visit the Australian Tax Office website to find more information about your specific situation and any requirements for lodging a tax return as an international student.",S15_003; S04_002; S03_015; S03_010; S15_001,I don't have information about that in my sources.,,,,,,
What fare applies to metropolitan train journeys completed before 7:15am on weekdays?,The free early bird fare applies [S13_007].,S13_007; S13_002; S13_005; S13_008; S13_001,"The early bird fare: the trip is free if you travel on a metropolitan train (or a V/Line service between Pakenham or Sunbury and Melbourne), keep a positive myki balance, and tap on and off within 2 hours before 7:15am on a weekday.",,,,,,
how many hours a fortnight can i work while my classes are running,"As an international student in Australia, you're eligible to work on campus or in approved off-campus employment.

According to the Australian Government's Department of Education, Skills and Employment, international students can work up to 40 hours per fortnight (5 days a week) during the academic year. However, this is subject to certain conditions:

1. You must be enrolled full-time in at least 12 units.
2. Your student visa must not have been cancelled or suspended.

It's essential to note that you cannot work more than 40 hours per fortnight, and you must also ensure that your study schedule and work schedule do not conflict with each other.

To confirm the specific rules and regulations regarding part-time work as an international student in Australia, I recommend checking the following:

* The Australian Government's Department of Education, Skills and Employment website
* Your institution's policies and procedures for off-campus employment
* Your student visa conditions

It's always a good idea to consult with your university's international student support services or a qualified immigration advisor for personalized advice.",,"While your course is in session you can work up to 48 hours a fortnight. A fortnight is 14 days starting on a Monday, and the limit covers all your jobs combined.",,,,,,
what is the tax free threshold for international students,I don't have information about that in my sources.,S03_015; S15_003; S03_012; S03_014; S03_010,I don't have information about that in my sources.,,,,,,
Which categories of persons are eligible to enrol in Medicare?,"You can enrol in Medicare if you live in Australia and you're any of these: an Australian citizen [S05_002], a New Zealand citizen [S05_002], an Australian permanent resident applying for permanent residency [S05_002], or a temporary resident covered by a ministerial order [S05_002]. You can also enrol if you're a citizen or permanent resident of any of these: Norfolk Island, Cocos (Keeling) Islands, Christmas Island, Lord Howe Island [S05_002].",S05_002; S05_001; S05_006; S05_004; S05_007,"People living in Australia who are Australian or New Zealand citizens, permanent residents, people applying for permanent residency, or temporary residents covered by a ministerial order, plus citizens or permanent residents of Norfolk, Cocos (Keeling), Christmas and Lord Howe Islands. Visitors from a Reciprocal Health Care Agreement country may be able to enrol. You must be in Australia to enrol.",,,,,,
does my compulsory uni placement count in my 48 hour work limit,"In Australia, the 48-hour work limit is a requirement for international students who are on a student visa (subclass 500). This rule applies to both part-time and full-time work.

According to the Australian Government's Department of Home Affairs, your compulsory university placement (also known as a ""placement"" or ""work experience"" component) is considered a form of approved education-related employment.

As such, it should be exempt from the 48-hour work limit. This means that you can participate in your compulsory university placement without worrying about exceeding the 48-hour work limit.

However, please note that this exemption only applies to the specific placement itself and not to any other part-time or full-time work you may do outside of your studies. So, if you have a part-time job or volunteer role outside of your placement, it will still be subject to the 48-hour work limit.

It's always a good idea to check with your university or the Australian Government's Department of Home Affairs for the most up-to-date information on this policy, as rules and regulations can change.",,"No, if the placement is a mandatory part of your course and included in the course's CRICOS registration. Work experience that is not mandatory, or goes beyond what the course requires, counts towards the 48 hours, whether paid or unpaid.",,,,,,
does my compulsory uni placement count in my 48 hour work limit,[S03_003] A work experience unit that forms a mandatory component of a student’s course and is included in the CRICOS registration of that course will not be included in the student's work restriction of 48 hours a fortnight. [S17_001] Student visa holders have no work restrictions when their course of study or training is not in session.,S03_003; S03_002; S17_001; S17_003; S03_001,"No, if the placement is a mandatory part of your course and included in the course's CRICOS registration. Work experience that is not mandatory, or goes beyond what the course requires, counts towards the 48 hours, whether paid or unpaid.",,,,,,
what do i need to sign up for medicare online,"To sign up for Medicare online, you'll typically need to provide some personal and identification details. Here are the general requirements:

1. **Australian citizenship or residency**: You must be an Australian citizen or have a valid visa that allows you to live and work in Australia.
2. **MyGov account**: You'll need to create a MyGov account, which is the Australian government's online identity platform. If you don't already have one, you can sign up for free on the my.gov.au website.
3. **Identification documents**: You may be asked to upload or provide scanned copies of identification documents, such as:
	* Passport
	* Birth certificate
	* Visa (if applicable)
	* Proof of address (e.g., utility bill, lease agreement)
4. **Proof of age**: If you're under 18 years old, your parents or guardians may need to sign up for Medicare on your behalf.
5. **Healthcare card details**: You'll need to provide your healthcare card number (if applicable) and the date it was issued.

Once you've gathered these documents and created a MyGov account, follow these steps:

1. Go to the Medicare website ([www.medicareaustralia.gov.au](http://www.medicareaustralia.gov.au)) or use the myGov portal.
2. Click on ""Sign up for Medicare"" and follow the prompts.
3. Fill in your personal details and upload or provide scanned copies of your identification documents.
4. Review and submit your application.

If you're having trouble signing up online, you can also:

1. Contact the Australian Government's Medicare line on 132 011 (Monday to Friday, 8am to 6pm AEST).
2. Visit a Medicare office or a local health service center in person.
3. Ask a family member or friend to help you with the process.

Remember to have all your documents ready and easily accessible before starting the online application process.",,"You enrol through myGov. You need to live in Australia, have a current passport or ImmiCard, and have valid visa details from the Department of Home Affairs if you're not an Australian citizen. Create a myGov account first if you don't have one.",,,,,YES,
do i need a tax file number to open a bank account or to apply for an abn,"You don't need a Tax File Number (TFN) to open a bank account, but without one, you will be taxed at a higher rate [S15_003]. To apply for an ABN, you do need a TFN and should get it before submitting your application [S01_003].",S15_003; S01_001; S01_003; S01_005; S01_002,"You don't need a TFN to open a bank account, but without one you'll be taxed at a higher rate, so get one and give it to your bank. For an ABN, providing your TFN helps your application be processed faster.",,,,,,
is there a max amount i pay per day for trains and trams,"Yes, the maximum daily fare cap applies to public transport in Victoria. The weekday cap is $5.70 for full fare and $2.85 for concession, while the weekend cap is $4.00 for full fare and $2.00 for concession. [S13_005]",S13_004; S13_005; S16_001; S13_002; S13_006,"Yes, a daily fare cap. With public transport half price until 1 January 2027, the weekday cap is $5.70 full fare or $2.85 concession, and the weekend cap is $4.00 full fare or $2.00 concession. Once you hit the cap, travel is free for the rest of the day.",,,,,,
can i start a part time job before my uni course actually starts,"You cannot work more than 40 hours a fortnight, unless you are a family member of a Student visa holder [S03_001]. Family members of a Student visa holder cannot work before the student's course starts, unless at the time of applying for this visa, they held another visa that permitted them to work in Australia [S03_002].",S03_001; S03_002; S03_003; S15_004; S03_007,"No. You can't work before your course starts unless, when you applied for your student visa, you already held another visa that allowed you to work in Australia.",,,,,,
can i start a part time job before my uni course actually starts,"In Australia, it's generally possible to start looking for and applying for part-time jobs before your university course begins, but there are some things to consider:

1. **University policies**: Check with your university's student services or careers office to see if they have any specific guidelines or restrictions on students starting work before the semester begins.
2. **Tax implications**: As a student, you may be eligible for a tax offset or concession on your income. However, if you start working before your course begins, you might not be considered a ""student"" by the Australian Taxation Office (ATO) for tax purposes. This could affect your eligibility for certain tax benefits.
3. **Work permit requirements**: If you're an international student, you'll need to meet specific visa requirements to work in Australia. You can usually start working on your student visa before the semester begins, but be sure to check with the Department of Home Affairs or your university's international office for guidance.
4. **Job availability and type**: Some part-time jobs may require you to have completed a certain number of hours of study or have a specific course schedule in place. Be prepared to provide proof of your student status when applying for jobs.

To increase your chances of finding a part-time job before your course starts:

* Start looking for jobs early, ideally 2-3 months before the semester begins.
* Consider applying for jobs that don't require you to have completed a certain number of hours of study or have a specific course schedule in place.
* Be prepared to provide proof of your student status when applying for jobs.

Remember to prioritize your studies and ensure that you're not overcommitting yourself with work. It's essential to strike a balance between academic responsibilities and part-time employment.",,"No. You can't work before your course starts unless, when you applied for your student visa, you already held another visa that allowed you to work in Australia.",,,,,,
