question,answer,retrieved_passages,gold_answer,correct,supported,applicable,citation_valid,fabricated_quote,states_outdated_rule,notes
how many hours a fortnight can i work while my classes are running,You can work up to 48 hours a fortnight while your classes are running. [S03_002],S03_001; S17_001; S03_003; S18_001; S03_002,"While your course is in session you can work up to 48 hours a fortnight. A fortnight is 14 days starting on a Monday, and the limit covers all your jobs combined.",,,,,,,
can i start a part time job before my uni course actually starts,"[S03_002] Immigration and citizenship
Student visa holders can work unlimited hours when their course is not in session. Their family members still have limited work rights. Make sure to check your visa conditions regularly, including your work rights.

[S18_001] Temporary relaxation of working hours for student visa holders
To address workforce shortages, student visa work hours have been temporarily relaxed. This measure takes effect immediately for all ongoing students as well as new student arrivals, including secondary applicants. Students will be able to work before their course of study commences.",S18_004; S03_001; S03_002; S03_003; S18_001,"No. You can't work before your course starts unless, when you applied for your student visa, you already held another visa that allowed you to work in Australia.",,,,,,,
is it still true that students have no limit on work hours like during covid,I don't have information about that in my sources.,S03_003; S17_001; S18_004; S18_001; S18_002,"No. The pandemic relaxation ended on 30 June 2023. Since 1 July 2023 student visa holders can work up to 48 hours a fortnight while their course is in session, with no limit when it is not in session.",,,,,,,
can i start a part time job before my uni course actually starts,"You cannot work more than 40 hours a fortnight unless you are a family member of a Student visa holder, or if your course is not in session. However, as a Student visa holder, you may be able to work unlimited hours while the course is not in session [S03_003].",S18_004; S09_003; S03_002; S03_001; S03_003,"No. You can't work before your course starts unless, when you applied for your student visa, you already held another visa that allowed you to work in Australia.",,,,,,,
how many hours a fortnight can i work while my classes are running,You cannot work more than 40 hours a fortnight while your course is in session. [S03_002],S03_003; S03_001; S18_001; S17_001; S03_002,"While your course is in session you can work up to 48 hours a fortnight. A fortnight is 14 days starting on a Monday, and the limit covers all your jobs combined.",,,,,,,
is it still true that students have no limit on work hours like during covid,"No, from 1 July 2023, student visa holders are restricted to 48 hours of work a fortnight while studying [S17_001]. However, they can work unlimited hours when their course is not in session [S03_002].",S03_003; S18_002; S17_001; S03_002; S03_001,"No. The pandemic relaxation ended on 30 June 2023. Since 1 July 2023 student visa holders can work up to 48 hours a fortnight while their course is in session, with no limit when it is not in session.",,,,,,,
