dj_id,sample_id,question_id,question,answer_A,answer_B,C1_A_supported,C1_A_applicable,C1_A_fabricated_quote,C1_B_supported,C1_B_applicable,C1_B_fabricated_quote,C2_A_supported,C2_A_applicable,C2_A_fabricated_quote,C2_B_supported,C2_B_applicable,C2_B_fabricated_quote
1,13,T22Q01,do international students get the same rights at work as australians,"International students in Australia have some rights and protections at work, but they may not be exactly the same as those enjoyed by Australian citizens or permanent residents.

Here are some key points to consider:

1. **Work permit requirements**: International students typically need to obtain a Special Category Visa (SCV) or a Student Visa with a work component to work in Australia.
2. **Working hours and conditions**: International students may be entitled to the same working hours, minimum wage, and leave entitlements as Australian workers, but only if they have a valid work permit and meet specific requirements.
3. **Minimum wage and award entitlements**: International students are generally entitled to the same minimum wage and award entitlements as Australian workers, including paid annual leave, public holidays, and sick leave.
4. **Superannuation**: International students may be eligible for superannuation contributions if they have a valid work permit and meet specific requirements.
5. **Workplace safety and health**: International students are entitled to the same workplace safety and health protections as Australian workers, including access to a safe working environment and reporting of work-related injuries or illnesses.

However, there are some key differences:

1. **Limited job security**: International students may not have the same level of job security as Australian citizens or permanent residents, who typically have more rights under employment contracts.
2. **No entitlement to redundancy pay**: International students may not be entitled to redundancy pay if their work permit is cancelled or they are required to leave Australia.
3. **Limited access to workplace grievances**: International students may face challenges in accessing workplace grievances and disputes resolution processes, as they may not have the same level of familiarity with Australian employment laws and procedures.

To ensure international students' rights at work are protected, it's essential for employers to:

1. **Comply with work permit requirements**
2. **Provide clear job descriptions and expectations**
3. **Offer competitive wages and benefits**
4. **Respect employees' rights to leave and take breaks**
5. **Maintain a safe working environment**

International students should also be aware of their rights and responsibilities at work, including:

1. **Understanding their employment contract**
2. **Knowing their entitlements under Australian employment laws**
3. **Reporting any workplace concerns or issues**
4. **Seeking support from employers, unions, or government agencies if needed**

By understanding the rights and responsibilities of international students in Australia, both employers and employees can work together to create a positive and supportive work environment.","International students have the same workplace entitlements and protections as all other employees in Australia, including Australians [S08_001].",,,,,,,,,,,,
2,30,T30Q01,What is the processing timeframe for an ABN application that requires further review?,"Your application will be reviewed within 20 business days [S01_004]. If a review is required, you can check on the status of your application at any time using ABN Lookup.","For an Australian Business Number (ABN) application that requires further review, the processing timeframe can vary depending on the complexity of the application and the workload of the Australian Taxation Office (ATO).

Typically, if an application requires further review, it may take around 2-4 weeks for the ATO to process the additional information or documentation needed. However, this timeframe can be longer in some cases.

It's also worth noting that if the application is deemed to require further review due to a complex or unusual circumstance, it may take several months (up to 6-12 months) for the ATO to complete the processing of the application.

I recommend checking the Australian Government's website or contacting the ATO directly for the most up-to-date information on ABN application processing times.",,,,,,,,,,,,
3,7,T29Q01,what is an abn and can anyone get one,"An ABN (Australian Business Number) is a unique identifier assigned to Australian businesses, including sole traders, partnerships, companies, and trusts. It's used for tax purposes and is required for various business activities, such as:

* Registering with the Australian Taxation Office (ATO)
* Opening a business bank account
* Paying taxes and superannuation
* Issuing invoices and receipts

To get an ABN, you typically need to meet one of the following conditions:

1. **Business registration**: You must be registered for an Australian Business Number when registering your business with the Australian Securities & Investments Commission (ASIC).
2. **Taxation**: If you're required to lodge a tax return or pay taxes, you may be eligible for an ABN.
3. **E-commerce or online sales**: If you sell goods or services online and earn more than $75,000 in a calendar year, you'll need an ABN.

Anyone can apply for an ABN, but there are some exceptions:

* **Individuals with no business income**: If you're an individual with no business income, you don't need an ABN. However, if your income exceeds the threshold (currently $180,000), you may be required to lodge a tax return and obtain an ABN.
* **Non-resident foreigners**: Non-resident foreigners can apply for an ABN, but they must meet specific requirements, such as having a Australian address or being registered with the ATO.

To apply for an ABN, you'll need to:

1. Register on the Australian Business Register (ABR)
2. Complete the ABN application form
3. Provide required documents, such as your business registration certificate or tax file number

You can apply online through the Australian Government's website or by contacting the ATO directly.

Please note that requirements may change over time, so it's always a good idea to check the official government websites for the most up-to-date information.","An Australian Business Number (ABN) is a unique 11-digit number that identifies a business or organisation to the government and community [S01_001]. Not everyone is entitled to an ABN, as you may face prosecution or criminal charges if you apply for an ABN when you're not entitled [S01_001].",,,,,,,,,,,,
4,20,T10Q01,what do i need to sign up for medicare online,"To sign up for Medicare online, you'll typically need to provide some personal and identification details. Here are the general requirements:

1. **Australian citizenship or residency**: You must be an Australian citizen or have a valid visa that allows you to live and work in Australia.
2. **MyGov account**: You'll need to create a MyGov account, which is the Australian government's online identity platform. If you don't already have one, you can sign up for free on the my.gov.au website.
3. **Identification documents**: You may be asked to upload or provide scanned copies of identification documents, such as:
	* Passport
	* Birth certificate
	* Visa (if applicable)
	* Proof of address (e.g., utility bill, lease agreement)
4. **Proof of age**: If you're under 18 years old, your parents or guardians may need to sign up for Medicare on your behalf.
5. **Healthcare card details**: You'll need to provide your healthcare card number (if applicable) and the date it was issued.

Once you've gathered these documents and created a MyGov account, follow these steps:

1. Go to the Medicare website ([www.medicareaustralia.gov.au](http://www.medicareaustralia.gov.au)) or use the myGov portal.
2. Click on ""Sign up for Medicare"" and follow the prompts.
3. Fill in your personal details and upload or provide scanned copies of your identification documents.
4. Review and submit your application.

If you're having trouble signing up online, you can also:

1. Contact the Australian Government's Medicare line on 132 011 (Monday to Friday, 8am to 6pm AEST).
2. Visit a Medicare office or a local health service center in person.
3. Ask a family member or friend to help you with the process.

Remember to have all your documents ready and easily accessible before starting the online application process.","To enrol in Medicare online, you and your family members need to live in Australia, have a current passport or ImmiCard, and have valid visa details from the Department of Home Affairs [S05_004]. If you want to enrol as a family, you'll also need to provide details and identity documents for any children under 15.",,,,,,,,,,,,
5,6,T04Q02,does my compulsory uni placement count in my 48 hour work limit,[S03_003] A work experience unit that forms a mandatory component of a student’s course and is included in the CRICOS registration of that course will not be included in the student's work restriction of 48 hours a fortnight. [S17_001] Student visa holders have no work restrictions when their course of study or training is not in session.,"In Australia, the 48-hour work limit is a requirement for international students who are on a student visa (subclass 500). This rule applies to both part-time and full-time work.

According to the Australian Government's Department of Home Affairs, your compulsory university placement (also known as a ""placement"" or ""work experience"" component) is considered a form of approved education-related employment.

As such, it should be exempt from the 48-hour work limit. This means that you can participate in your compulsory university placement without worrying about exceeding the 48-hour work limit.

However, please note that this exemption only applies to the specific placement itself and not to any other part-time or full-time work you may do outside of your studies. So, if you have a part-time job or volunteer role outside of your placement, it will still be subject to the 48-hour work limit.

It's always a good idea to check with your university or the Australian Government's Department of Home Affairs for the most up-to-date information on this policy, as rules and regulations can change.",,,,,,,,,,,,
6,8,T04Q01,"Under visa condition 8105, is work undertaken as part of a mandatory course placement counted towards the fortnightly work limitation?","Yes, if a work experience unit forms a mandatory component of a student's course and is included in the CRICOS registration of that course, it will not be included in the student's work restriction of 48 hours a fortnight. However, any work experience/work placement that is not a mandatory course requirement, or that is in excess of the period required in the course registration, is included in a student's work limitation of 48 hours a fortnight [S03_002].","Under Visa Condition 8105 (subclass 485 Temporary Graduate), work undertaken as part of a mandatory course placement is generally considered to be exempt from the fortnightly work limitation.

This means that if you are undertaking a mandatory course placement, you will not be counted towards the 40 hours per fortnight work limit. However, it's always best to check with the Australian Government Department of Home Affairs or seek advice from an authorized visa agency for the most up-to-date and accurate information on your specific circumstances.",,,,,,,,,,,,
7,25,T12Q01,"im from a country that has a health agreement with australia, can i get medicare and will i still have to pay the doctor","You may be able to access Medicare services while visiting Australia if you're from a country we have an agreement with [6]. However, this doesn't necessarily mean you'll automatically receive a Medicare card or be eligible for full Medicare benefits. You can get care as a public patient in a public hospital without enrolling in Medicare [S05_010], but you may still need to pay some costs or provide proof of your identity and residency [22].","If you're from a country with a health agreement with Australia, it's likely that you'll be eligible for Medicare, which is Australia's public healthcare system.

Under the health agreements in place between Australia and certain countries (such as New Zealand, Singapore, Hong Kong, and some Pacific Island nations), citizens of those countries are generally entitled to access Australian government-funded healthcare services, including Medicare.

This means that you may be able to receive a Medicare card, which will allow you to access free or low-cost healthcare services in Australia, including doctor visits, hospital treatments, and other medical services.

However, it's essential to note that even if you're eligible for Medicare, you may still need to pay some out-of-pocket costs for certain services. For example:

* You might need to pay a copayment (a small fee) for each doctor visit or medical service.
* Some specialist services or treatments might require a higher copayment or a separate payment.
* You may be responsible for paying for prescription medications, unless they're covered under your Medicare plan.

To confirm your eligibility and understand the specific arrangements in place for your country, I recommend checking with the Australian Government's Department of Health website or contacting the Australian embassy or consulate in your home country. They can provide you with more detailed information on how to access Medicare and what costs you might incur.

Additionally, it's a good idea to research private health insurance options if you want to have additional coverage for services not covered by Medicare. Some international students may choose to purchase private health insurance to supplement their public healthcare benefits.

I hope this helps! If you have any more questions or concerns, feel free to ask.",,,,,,,,,,,,
8,5,T38Q01,which documents will the bank ask for when i open my first account here,"To open a bank account in Australia as an international student, you will need to provide electronic Confirmation of Enrolment (eCoE) [S15_003] and proof of your address in Australia, such as a phone bill or lease agreement.","When opening your first account with an Australian bank, you can expect the bank to request some or all of the following documents:

1. **Proof of Identity**: A valid passport, visa (if applicable), or other government-issued ID that proves your identity.
2. **Proof of Address**: Utility bills (e.g., electricity, gas, water, or internet) with your name and current address, dated within the last 3 months. Alternatively, a lease agreement or rental contract can also be accepted.
3. **Passport-style Photo**: A recent, passport-style photo that meets the bank's requirements.
4. **Proof of Income**: Documents showing your income, such as:
	* Pay slips (if you have a job)
	* Student loan documents (if applicable)
	* Scholarship award letters (if applicable)
	* Proof of pension or other regular income
5. **Tax File Number (TFN)**: You may need to provide your TFN, which is usually issued by the Australian Taxation Office (ATO).
6. **Bank Reference**: Some banks may request a bank reference from your previous bank or financial institution.
7. **Completed Account Opening Form**: You'll typically need to fill out an account opening form, which will ask for personal and banking details.

Please note that specific document requirements may vary depending on the bank, your individual circumstances, and any special conditions of your visa (if applicable). It's always a good idea to check with the bank ahead of time or visit their website to confirm their documentation requirements.",,,,,,,,,,,,
9,3,T19Q01,"i think ive been underpaid for weeks, what should i check first and how do i bring it up with my boss","Sorry to hear that you're concerned about being underpaid!

To address this issue, let's break it down into steps:

**Step 1: Check your pay stubs**

Carefully review your recent pay stubs to ensure accuracy. Make sure to check the following:

* Your gross income
* Any deductions (e.g., taxes, superannuation)
* Your net pay (take-home pay)
* The payment dates and amounts

Compare your pay stubs with your expected pay stubs to identify any discrepancies.

**Step 2: Review your employment contract**

Check your employment contract or agreement to see if it outlines:

* Your salary structure
* Payment terms
* Any specific requirements for reporting errors or discrepancies

This will help you understand your contractual obligations and what you need to do next.

**Step 3: Check your payslip details online (if available)**

If your employer provides an online portal for viewing pay stubs, check if there are any discrepancies or errors. Some employers may also offer a ""pay slip history"" feature that allows you to view previous pay stubs.

**Step 4: Schedule a meeting with your boss**

To discuss the issue with your boss, schedule a meeting at a convenient time. Be prepared to:

* Clearly explain the discrepancy and provide evidence (e.g., pay stubs)
* Specify what you're requesting (e.g., rectification of underpayment)
* Show willingness to work together to resolve the issue

**How to bring it up with your boss:**

1. Choose a private meeting time and location.
2. Start by expressing your concern in a non-confrontational manner:
	* ""Hi [Boss's Name], I wanted to discuss my recent pay stubs with you.""
	* ""I've noticed some discrepancies on my pay slips, and I'd like to clarify the situation.""
3. Present the evidence (pay stubs) and explain the issue.
4. Specify what you're requesting:
	* ""I believe I've been underpaid for [number] weeks. Could we discuss how to rectify this?""
	* ""I'd appreciate it if you could review my pay slips and ensure that everything is accurate.""
5. Listen to your boss's response and be open to their explanation or solution.

Example script:

""Hi [Boss's Name], I wanted to discuss my recent pay stubs with you. I've noticed some discrepancies on my pay slips, and I'd like to clarify the situation. Could we review my pay stubs together and","First, you need to know what you’re currently getting paid. You can check your pay slips, rosters of the hours you’ve worked, bank statements, or employment records [S10_002]. 

To bring it up with your boss, arrange a time to talk to them and show them what you've found, bringing any relevant information such as pay slips or bank statements [S10_006].",,,,,,,,,,,,
10,9,T25Q01,What are the components of the safety net of minimum entitlements for employees under the Fair Work system?,"The National Employment Standards, awards, and the National Minimum Wage make up a safety net of entitlements for employees covered by the Fair Work system. [S06_002]","Under the Fair Work system in Australia, the safety net of minimum entitlements includes several key components:

1. **National Minimum Wage (NMW)**: The NMW is the minimum hourly wage that all full-time adult employees must be paid.
2. **Minimum Ordinary Time Rates**: These rates apply to most employees and are higher than the NMW for certain industries, such as hospitality and retail.
3. **Overtime Pay**: Employees who work overtime must be paid at least 1.5 times their ordinary time rate.
4. **Public Holidays**: Most employees receive a minimum of four weeks' annual leave, plus eight public holidays per year.
5. **Annual Leave**: Employees are entitled to a minimum of four weeks' annual leave after completing 12 months of service.
6. **Personal Casual Time**: Some employees, such as shift workers and casuals, may be entitled to personal casual time, which is paid at the NMW or higher.
7. **Parental Leave**: Eligible employees can take up to 18 weeks of unpaid parental leave after the birth or adoption of a child.
8. **Carer's Leave**: Employees can take up to 18 weeks of unpaid carer's leave to care for a seriously ill family member.

These components form the safety net of minimum entitlements under the Fair Work system, providing a basic level of protection and security for employees in Australia.",,,,,,,,,,,,
