question_id,gold_answer,passage_ids
T01Q01,"While your course is in session you can work up to 48 hours a fortnight. A fortnight is 14 days starting on a Monday, and the limit covers all your jobs combined.",S03_002; S17_001
T02Q01,"No. You can't work before your course starts unless, when you applied for your student visa, you already held another visa that allowed you to work in Australia.",S03_002
T03Q01,"No. The pandemic relaxation ended on 30 June 2023. Since 1 July 2023 student visa holders can work up to 48 hours a fortnight while their course is in session, with no limit when it is not in session.",S17_001
T04Q01,"No, if the placement is a mandatory part of your course and included in the course's CRICOS registration. Work experience that is not mandatory, or goes beyond what the course requires, counts towards the 48 hours, whether paid or unpaid.",S03_003
T04Q02,"No, if the placement is a mandatory part of your course and included in the course's CRICOS registration. Work experience that is not mandatory, or goes beyond what the course requires, counts towards the 48 hours, whether paid or unpaid.",S03_003
T05Q01,"Create your Unique Student Identifier (USI) as soon as you arrive and give it to your provider, tell your education provider your residential address within 7 days of arriving, set up a phone, open a bank account (bring your eCoE, passport and proof of address) and get a Tax File Number, and visit your campus and attend O-Week before classes start.",S03_010; S15_001; S15_002; S15_003; S15_004
T06Q01,I don't have information about that in my sources.,
T07Q01,I don't have information about that in my sources.,
T08Q01,"Not if the GP bulk bills and you're enrolled in Medicare: the doctor bills Medicare and you pay nothing. Not all doctors bulk bill, so check when you book; if yours doesn't, you pay and may be able to claim some of it back.",S02_002
T09Q01,"Use the 'find a health service' tool on the healthdirect website to find a bulk billing GP or specialist near you, and check with the clinic when you make the appointment.",S02_002; S02_005
T10Q01,"You enrol through myGov. You need to live in Australia, have a current passport or ImmiCard, and have valid visa details from the Department of Home Affairs if you're not an Australian citizen. Create a myGov account first if you don't have one.",S05_004
T11Q01,"People living in Australia who are Australian or New Zealand citizens, permanent residents, people applying for permanent residency, or temporary residents covered by a ministerial order, plus citizens or permanent residents of Norfolk, Cocos (Keeling), Christmas and Lord Howe Islands. Visitors from a Reciprocal Health Care Agreement country may be able to enrol. You must be in Australia to enrol.",S05_002
T11Q02,"People living in Australia who are Australian or New Zealand citizens, permanent residents, people applying for permanent residency, or temporary residents covered by a ministerial order, plus citizens or permanent residents of Norfolk, Cocos (Keeling), Christmas and Lord Howe Islands. Visitors from a Reciprocal Health Care Agreement country may be able to enrol. You must be in Australia to enrol.",S05_002
T12Q01,"You may be able to enrol in Medicare if you're from a Reciprocal Health Care Agreement country, with documents depending on where you're from, and some health care costs can be covered. You can be treated as a public patient in a public hospital without enrolling. For a GP visit, you pay nothing only if you're enrolled and the doctor bulk bills.",S02_002; S05_002; S05_003; S05_010
T13Q01,I don't have information about that in my sources.,
T14Q01,I don't have information about that in my sources.,
T15Q01,"No. Employers must give you a pay slip within one working day of paying you, even if you're on leave. It can be paper or electronic and must show your pay details for each pay period.",S09_001; S09_002
T16Q01,"Yes. Even if you're paid in cash, your employer still has to give you a pay slip, either as a hard copy or electronically.",S09_005
T17Q01,"Find out whether you're covered by an award or an enterprise agreement. For an award, use the Fair Work Pay and Conditions Tool to find your pay rate by classification; for an agreement, find it on the Fair Work Commission site. If you're award and agreement free, you're entitled to the National Minimum Wage.",S10_004
T18Q01,"Give your employer the Fair Work information about pay slips and ask for a meeting. Allow them at least 7 days to provide all your pay slips before taking further steps, such as getting help from the Fair Work Ombudsman.",S09_003
T18Q02,"Give your employer the Fair Work information about pay slips and ask for a meeting. Allow them at least 7 days to provide all your pay slips before taking further steps, such as getting help from the Fair Work Ombudsman.",S09_003
T19Q01,"Check what you've been paid using your pay slips, rosters and bank statements, then work out your correct rate from your award or agreement. Arrange a time to talk to your employer, show them what you found and take notes; you can bring a support person. Afterwards, send a follow-up email summarising what was agreed and give them about a week to respond.",S10_002; S10_003; S10_004; S10_006; S10_007
T20Q01,I don't have information about that in my sources.,
T21Q01,I don't have information about that in my sources.,
T22Q01,"Yes. Migrant workers and visa holders, including international students, have the same workplace entitlements and protections as all other employees in Australia.",S08_001
T23Q01,"No. Only the Department of Home Affairs can cancel a visa, not your employer. Visa protection pilot programs also let eligible visa holders experiencing workplace exploitation seek help without fear of visa cancellation.",S08_003; S10_010
T24Q01,"No. The Fair Work Ombudsman won't contact your employer unless you give them permission. You can also lodge an anonymous report, in English or another language.",S08_004
T25Q01,"The National Employment Standards, industry and occupation awards, and the National Minimum Wage make up the safety net. The Fair Work system also provides protection from unfair dismissal.",S06_003
T25Q02,"The National Employment Standards, industry and occupation awards, and the National Minimum Wage make up the safety net. The Fair Work system also provides protection from unfair dismissal.",S06_003
T26Q01,"Yes. You're entitled to all your workplace entitlements and protections even if you haven't followed the rules of your visa. Reporting protection pilots let eligible visa holders seek help without fear of visa cancellation, and Fair Work won't contact your employer without your permission.",S08_001; S08_003; S08_004; S10_010; S17_003
T27Q01,I don't have information about that in my sources.,
T28Q01,I don't have information about that in my sources.,
T29Q01,"An ABN (Australian business number) is a unique 11-digit number that identifies your business to the government and community. Not everyone is entitled to one, and applying when you're not entitled can lead to prosecution.",S01_001
T30Q01,"If you receive a reference number, your application needs checking; the aim is to review it within 20 business days, and if it's approved you'll get a confirmation letter within 14 days. You can check ABN Lookup at any time.",S01_004
T30Q02,"If you receive a reference number, your application needs checking; the aim is to review it within 20 business days, and if it's approved you'll get a confirmation letter within 14 days. You can check ABN Lookup at any time.",S01_004
T31Q01,"You don't need a TFN to open a bank account, but without one you'll be taxed at a higher rate, so get one and give it to your bank. For an ABN, providing your TFN helps your application be processed faster.",S01_003; S15_003
T32Q01,I don't have information about that in my sources.,
T33Q01,I don't have information about that in my sources.,
T34Q01,I don't have information about that in my sources.,
T35Q01,"A physical myki costs $6 full fare, $3 concession or $5 youth, and you need to top it up separately before you can travel.",S16_001
T36Q01,"Yes. You can tap your smartphone, smartwatch or bank card with contactless payment (full fare only), or on Android set up myki in Google Wallet, which is free and means you never need a physical card.",S13_002; S16_002
T37Q01,"Yes, a daily fare cap. With public transport half price until 1 January 2027, the weekday cap is $5.70 full fare or $2.85 concession, and the weekend cap is $4.00 full fare or $2.00 concession. Once you hit the cap, travel is free for the rest of the day.",S13_005
T38Q01,"Visit a bank branch, say you're an international student, and bring your electronic Confirmation of Enrolment (eCoE), your passport and proof of your Australian address, such as a phone bill or lease. A Tax File Number isn't needed to open the account, but without one you're taxed at a higher rate.",S15_003
T39Q01,"The early bird fare: the trip is free if you travel on a metropolitan train (or a V/Line service between Pakenham or Sunbury and Melbourne), keep a positive myki balance, and tap on and off within 2 hours before 7:15am on a weekday.",S13_007
T39Q02,"The early bird fare: the trip is free if you travel on a metropolitan train (or a V/Line service between Pakenham or Sunbury and Melbourne), keep a positive myki balance, and tap on and off within 2 hours before 7:15am on a weekday.",S13_007
T40Q01,"Whether you're eligible depends on your state and the type of course you're studying, so check with your education provider. Concession fares are 50% off, a concession myki card costs $3, and concession daily caps are $2.85 on weekdays and $2.00 on weekends.",S13_005; S13_006; S15_006; S16_001; S16_005
T41Q01,I don't have information about that in my sources.,
T42Q01,I don't have information about that in my sources.,
