topic_id,topic,question_id,question,question_type,variant_of,register,currency_sensitive
T01,work_hours_in_session,T01Q01,how many hours a fortnight can i work while my classes are running,known,,,true
T02,work_before_course_starts,T02Q01,can i start a part time job before my uni course actually starts,known,,,true
T03,pandemic_relaxation_ended,T03Q01,is it still true that students have no limit on work hours like during covid,known,,,true
T04,mandatory_placement_hours,T04Q01,"Under visa condition 8105, is work undertaken as part of a mandatory course placement counted towards the fortnightly work limitation?",known,,policy,false
T04,mandatory_placement_hours,T04Q02,does my compulsory uni placement count in my 48 hour work limit,known,T04Q01,student,false
T05,first_steps_roadmap,T05Q01,i just enrolled in uni what should i do first give me a roadmap for the same,inferred,,,false
T06,visa_extension_cost,T06Q01,how much is the fee if i need to extend my student visa,out_of_kb,,,false
T07,english_score_new_visa,T07Q01,what ielts score do i need to apply for another student visa,out_of_kb,,,false
T08,pay_to_see_gp,T08Q01,do i have to pay when i go see a gp here,known,,,false
T09,find_bulk_billing_gp,T09Q01,how can i find a doctor near me that bulk bills,known,,,false
T10,medicare_online_requirements,T10Q01,what do i need to sign up for medicare online,known,,,false
T11,medicare_eligibility,T11Q01,Which categories of persons are eligible to enrol in Medicare?,known,,policy,false
T11,medicare_eligibility,T11Q02,who is actually allowed to sign up for medicare,known,T11Q01,student,false
T12,reciprocal_agreement_student,T12Q01,"im from a country that has a health agreement with australia, can i get medicare and will i still have to pay the doctor",inferred,,,false
T13,cheapest_oshc,T13Q01,which oshc provider is the cheapest for students,out_of_kb,,,false
T14,dental_cover,T14Q01,does medicare pay for going to the dentist,out_of_kb,,,false
T15,no_payslip,T15Q01,my boss hasnt given me a payslip in a month is that even allowed,known,,,false
T16,cash_payslip,T16Q01,"i get paid cash in hand, do i still get a payslip",known,,,false
T17,correct_pay_rate,T17Q01,how do i work out what my hourly pay should actually be,known,,,false
T18,payslips_after_request,T18Q01,What action may an employee take if an employer fails to issue pay slips after a request has been made?,known,,policy,false
T18,payslips_after_request,T18Q02,"i asked my manager for my payslips and still got nothing, what now",known,T18Q01,student,false
T19,underpayment_steps,T19Q01,"i think ive been underpaid for weeks, what should i check first and how do i bring it up with my boss",inferred,,,false
T20,superannuation_amount,T20Q01,how much super should my employer be paying into my account,out_of_kb,,,false
T21,employer_bankrupt,T21Q01,how do i get my unpaid wages if the company i worked for went bankrupt,out_of_kb,,,false
T22,same_rights_as_locals,T22Q01,do international students get the same rights at work as australians,known,,,false
T23,employer_visa_threat,T23Q01,"my boss says he will cancel my visa if i complain, can he actually do that",known,,,false
T24,fair_work_contacts_employer,T24Q01,if i contact fair work about my job will they tell my employer,known,,,false
T25,minimum_entitlements,T25Q01,What are the components of the safety net of minimum entitlements for employees under the Fair Work system?,known,,policy,false
T25,minimum_entitlements,T25Q02,what basic stuff am i guaranteed at any job in australia,known,T25Q01,student,false
T26,help_after_visa_breach,T26Q01,"i worked more hours than my visa allows and now my boss is underpaying me, can i still get help without losing my visa",inferred,,,false
T27,unpaid_trial_shift,T27Q01,is it legal for a cafe to make me do an unpaid trial shift,out_of_kb,,,false
T28,injured_at_work,T28Q01,what should i do if i get injured at work,out_of_kb,,,false
T29,what_is_abn,T29Q01,what is an abn and can anyone get one,known,,,false
T30,abn_processing_time,T30Q01,What is the processing timeframe for an ABN application that requires further review?,known,,policy,false
T30,abn_processing_time,T30Q02,how long will my abn take if they need to check my application,known,T30Q01,student,false
T31,tfn_bank_and_abn,T31Q01,do i need a tax file number to open a bank account or to apply for an abn,inferred,,,false
T32,tax_return_required,T32Q01,do i have to lodge a tax return as an international student,out_of_kb,,,false
T33,tax_free_threshold,T33Q01,what is the tax free threshold for international students,out_of_kb,,,false
T34,laptop_deduction,T34Q01,can i claim my laptop for uni as a tax deduction,out_of_kb,,,false
T35,myki_card_cost,T35Q01,how much does a myki card cost,known,,,false
T36,pay_with_phone,T36Q01,can i just use my phone on trams instead of buying a myki,known,,,false
T37,daily_fare_cap,T37Q01,is there a max amount i pay per day for trains and trams,known,,,false
T38,bank_account_documents,T38Q01,which documents will the bank ask for when i open my first account here,known,,,false
T39,early_bird_fare,T39Q01,What fare applies to metropolitan train journeys completed before 7:15am on weekdays?,known,,policy,false
T39,early_bird_fare,T39Q02,is the train free if i go really early in the morning,known,T39Q01,student,false
T40,student_concession_savings,T40Q01,can i get a concession myki as an international student and how much would it save me,inferred,,,false
T41,last_train_friday,T41Q01,what time is the last train on a friday night in melbourne,out_of_kb,,,false
T42,airport_public_transport,T42Q01,how do i get from melbourne airport to the city on public transport,out_of_kb,,,false
