config,question_id,question_type,refused,token_recall,token_f1,rougeL_recall,rougeL_f1,semantic_sim
bm25-k5-settlein_v4,T01Q01,known,False,0.3333,0.2667,0.2778,0.2222,0.875
bm25-k5-settlein_v4,T02Q01,known,False,0.3333,0.1846,0.2778,0.1538,0.8105
bm25-k5-settlein_v4,T03Q01,known,False,0.4074,0.5641,0.3704,0.5128,0.8477
bm25-k5-settlein_v4,T04Q01,known,False,0.6154,0.4384,0.5,0.3562,0.9003
bm25-k5-settlein_v4,T04Q02,known,False,0.5385,0.5091,0.3077,0.2909,0.8794
bm25-k5-settlein_v4,T05Q01,inferred,False,0.0976,0.0533,0.0732,0.04,0.7042
bm25-k5-settlein_v4,T08Q01,known,False,0.3103,0.2769,0.2069,0.1846,0.8714
bm25-k5-settlein_v4,T09Q01,known,False,0.7778,0.4179,0.7778,0.4179,0.8715
bm25-k5-settlein_v4,T10Q01,known,False,0.7308,0.6129,0.6923,0.5806,0.8732
bm25-k5-settlein_v4,T11Q01,known,False,0.3095,0.4063,0.2857,0.375,0.8796
bm25-k5-settlein_v4,T11Q02,known,False,0.0476,0.0476,0.0476,0.0476,0.7436
bm25-k5-settlein_v4,T12Q01,inferred,False,0.3333,0.3038,0.3333,0.3038,0.8123
bm25-k5-settlein_v4,T15Q01,known,False,0.5217,0.3871,0.4783,0.3548,0.8904
bm25-k5-settlein_v4,T16Q01,known,False,0.4286,0.5455,0.2857,0.3636,0.8667
bm25-k5-settlein_v4,T17Q01,known,False,0.4706,0.4571,0.3529,0.3429,0.8988
bm25-k5-settlein_v4,T18Q01,known,False,0.6786,0.5,0.6429,0.4737,0.9071
bm25-k5-settlein_v4,T18Q02,known,False,0.5357,0.6818,0.4643,0.5909,0.8529
bm25-k5-settlein_v4,T19Q01,inferred,False,0.45,0.4615,0.4,0.4103,0.8562
bm25-k5-settlein_v4,T22Q01,known,False,0.625,0.3175,0.625,0.3175,0.7815
bm25-k5-settlein_v4,T23Q01,known,False,0.2593,0.3684,0.2593,0.3684,0.8474
bm25-k5-settlein_v4,T24Q01,known,False,0.3889,0.2121,0.2778,0.1515,0.8507
bm25-k5-settlein_v4,T25Q01,known,False,0.6667,0.7368,0.6667,0.7368,0.8905
bm25-k5-settlein_v4,T25Q02,known,False,0.1429,0.0638,0.0952,0.0426,0.599
bm25-k5-settlein_v4,T26Q01,inferred,False,0.2059,0.1918,0.1471,0.137,0.7656
bm25-k5-settlein_v4,T29Q01,known,False,0.6957,0.6957,0.6957,0.6957,0.9899
bm25-k5-settlein_v4,T30Q01,known,False,0.2692,0.3784,0.2308,0.3243,0.778
bm25-k5-settlein_v4,T30Q02,known,False,0.2692,0.3784,0.1923,0.2703,0.7727
bm25-k5-settlein_v4,T31Q01,inferred,False,0.625,0.4762,0.5833,0.4444,0.9344
bm25-k5-settlein_v4,T35Q01,known,False,0.625,0.7407,0.625,0.7407,0.9362
bm25-k5-settlein_v4,T36Q01,known,False,0.375,0.3103,0.25,0.2069,0.8696
bm25-k5-settlein_v4,T37Q01,known,False,0.2432,0.3103,0.2162,0.2759,0.842
bm25-k5-settlein_v4,T38Q01,known,False,0.2941,0.4255,0.2353,0.3404,0.9169
bm25-k5-settlein_v4,T39Q01,known,False,0.3214,0.439,0.2857,0.3902,0.7554
bm25-k5-settlein_v4,T39Q02,known,False,0.3214,0.4615,0.2143,0.3077,0.8069
bm25-k5-settlein_v4,T40Q01,inferred,False,0.1333,0.1455,0.1333,0.1455,0.766
closed_book,T01Q01,known,False,0.3333,0.0863,0.2778,0.0719,0.8182
closed_book,T02Q01,known,False,0.6111,0.1048,0.3889,0.0667,0.8754
closed_book,T03Q01,known,False,0.3704,0.1389,0.2593,0.0972,0.8233
closed_book,T04Q01,known,False,0.4231,0.2683,0.2692,0.1707,0.7855
closed_book,T04Q02,known,False,0.2692,0.0986,0.2308,0.0845,0.8004
closed_book,T05Q01,inferred,False,0.2927,0.0842,0.1951,0.0561,0.7461
closed_book,T08Q01,known,False,0.4138,0.1412,0.2414,0.0824,0.7415
closed_book,T09Q01,known,False,0.6667,0.1231,0.5556,0.1026,0.8156
closed_book,T10Q01,known,False,0.6538,0.1498,0.3846,0.0881,0.8163
closed_book,T11Q01,known,False,0.381,0.2192,0.2381,0.137,0.8306
closed_book,T11Q02,known,False,0.3333,0.175,0.2619,0.1375,0.7863
closed_book,T12Q01,inferred,False,0.5278,0.1674,0.25,0.0793,0.8161
closed_book,T15Q01,known,False,0.5217,0.1364,0.4348,0.1136,0.7966
closed_book,T16Q01,known,False,0.4286,0.0889,0.3571,0.0741,0.7765
closed_book,T17Q01,known,False,0.2353,0.0777,0.2059,0.068,0.6941
closed_book,T18Q01,known,False,0.4286,0.1983,0.2857,0.1322,0.8618
closed_book,T18Q02,known,False,0.5,0.1353,0.2857,0.0773,0.8081
closed_book,T19Q01,inferred,False,0.4,0.11,0.2,0.055,0.825
closed_book,T22Q01,known,False,0.6875,0.0733,0.5625,0.06,0.8466
closed_book,T23Q01,known,False,0.5185,0.1228,0.3704,0.0877,0.8076
closed_book,T24Q01,known,False,0.3889,0.0631,0.3889,0.0631,0.8068
closed_book,T25Q01,known,False,0.4762,0.1087,0.4762,0.1087,0.7805
closed_book,T25Q02,known,False,0.381,0.0821,0.2381,0.0513,0.6707
closed_book,T26Q01,inferred,False,0.3529,0.0896,0.2353,0.0597,0.7406
closed_book,T29Q01,known,False,0.4783,0.0991,0.3913,0.0811,0.9152
closed_book,T30Q01,known,False,0.2692,0.1284,0.1923,0.0917,0.8465
closed_book,T30Q02,known,False,0.4231,0.1189,0.2692,0.0757,0.8202
closed_book,T31Q01,inferred,False,0.4583,0.1692,0.3333,0.1231,0.9027
closed_book,T35Q01,known,False,0.25,0.1159,0.1875,0.087,0.774
closed_book,T36Q01,known,False,0.2083,0.1042,0.125,0.0625,0.8118
closed_book,T37Q01,known,False,0.2703,0.113,0.2162,0.0904,0.8271
closed_book,T38Q01,known,False,0.3824,0.132,0.2647,0.0914,0.8718
closed_book,T39Q01,known,False,0.2143,0.16,0.1429,0.1067,0.7195
closed_book,T39Q02,known,False,0.25,0.0993,0.2143,0.0851,0.7869
closed_book,T40Q01,inferred,False,0.4333,0.1287,0.3,0.0891,0.8789
closed_book_instructed,T01Q01,known,False,0.2778,0.1408,0.2778,0.1408,0.8447
closed_book_instructed,T02Q01,known,True,0.0,0.0,0.0,0.0,0.0
closed_book_instructed,T03Q01,known,False,0.0,0.0,0.0,0.0,0.424
closed_book_instructed,T04Q01,known,True,0.0,0.0,0.0,0.0,0.0
closed_book_instructed,T04Q02,known,False,0.0,0.0,0.0,0.0,0.4274
closed_book_instructed,T05Q01,inferred,False,0.3415,0.0897,0.1707,0.0449,0.746
closed_book_instructed,T08Q01,known,False,0.2759,0.1495,0.1379,0.0748,0.7562
closed_book_instructed,T09Q01,known,False,0.5,0.1385,0.2778,0.0769,0.8146
closed_book_instructed,T10Q01,known,False,0.4615,0.1678,0.1923,0.0699,0.7991
closed_book_instructed,T11Q01,known,False,0.381,0.2406,0.2619,0.1654,0.8398
closed_book_instructed,T11Q02,known,False,0.3095,0.1793,0.2143,0.1241,0.7643
closed_book_instructed,T12Q01,inferred,False,0.4444,0.2645,0.2778,0.1653,0.8326
closed_book_instructed,T15Q01,known,True,0.0,0.0,0.0,0.0,0.0
closed_book_instructed,T16Q01,known,True,0.0,0.0,0.0,0.0,0.0
closed_book_instructed,T17Q01,known,False,0.3824,0.1287,0.2353,0.0792,0.7544
closed_book_instructed,T18Q01,known,True,0.0,0.0,0.0,0.0,0.0
closed_book_instructed,T18Q02,known,False,0.1071,0.1333,0.1071,0.1333,0.6938
closed_book_instructed,T19Q01,inferred,False,0.3,0.1008,0.175,0.0588,0.82
closed_book_instructed,T22Q01,known,True,0.0,0.0,0.0,0.0,0.0
closed_book_instructed,T23Q01,known,True,0.0,0.0,0.0,0.0,0.0
closed_book_instructed,T24Q01,known,False,0.0556,0.0833,0.0556,0.0833,0.5151
closed_book_instructed,T25Q01,known,False,0.381,0.1951,0.2857,0.1463,0.8175
closed_book_instructed,T25Q02,known,False,0.2857,0.0659,0.2381,0.0549,0.6826
closed_book_instructed,T26Q01,inferred,False,0.3824,0.1327,0.2059,0.0714,0.7589
closed_book_instructed,T29Q01,known,False,0.5217,0.1218,0.3913,0.0914,0.9104
closed_book_instructed,T30Q01,known,True,0.0,0.0,0.0,0.0,0.0
closed_book_instructed,T30Q02,known,False,0.4231,0.1964,0.2692,0.125,0.8255
closed_book_instructed,T31Q01,inferred,False,0.5,0.2376,0.25,0.1188,0.9086
closed_book_instructed,T35Q01,known,False,0.3125,0.2041,0.25,0.1633,0.7946
closed_book_instructed,T36Q01,known,False,0.3333,0.1778,0.2083,0.1111,0.7394
closed_book_instructed,T37Q01,known,False,0.2432,0.1552,0.1622,0.1034,0.8418
closed_book_instructed,T38Q01,known,False,0.3529,0.2017,0.2353,0.1345,0.8616
closed_book_instructed,T39Q01,known,False,0.2143,0.2069,0.2143,0.2069,0.7915
closed_book_instructed,T39Q02,known,True,0.0,0.0,0.0,0.0,0.0
closed_book_instructed,T40Q01,inferred,False,0.0,0.0,0.0,0.0,0.4172
dense-k5-settlein_v4,T01Q01,known,False,0.3333,0.4138,0.2222,0.2759,0.8272
dense-k5-settlein_v4,T02Q01,known,False,0.6667,0.4615,0.6111,0.4231,0.8594
dense-k5-settlein_v4,T03Q01,known,False,0.6296,0.4533,0.5556,0.4,0.8272
dense-k5-settlein_v4,T04Q01,known,False,0.5769,0.4167,0.4615,0.3333,0.8997
dense-k5-settlein_v4,T04Q02,known,False,0.5385,0.4667,0.3077,0.2667,0.8695
dense-k5-settlein_v4,T05Q01,inferred,False,0.7561,0.2605,0.5122,0.1765,0.7876
dense-k5-settlein_v4,T08Q01,known,False,0.1379,0.2222,0.1034,0.1667,0.7967
dense-k5-settlein_v4,T09Q01,known,False,0.7222,0.8387,0.7222,0.8387,0.9654
dense-k5-settlein_v4,T10Q01,known,False,0.5,0.4561,0.5,0.4561,0.8501
dense-k5-settlein_v4,T11Q01,known,False,0.5238,0.5432,0.4524,0.4691,0.8945
dense-k5-settlein_v4,T11Q02,known,False,0.0476,0.0656,0.0476,0.0656,0.756
dense-k5-settlein_v4,T12Q01,inferred,False,0.4444,0.3902,0.3611,0.3171,0.8597
dense-k5-settlein_v4,T15Q01,known,False,0.4783,0.3438,0.3913,0.2812,0.8609
dense-k5-settlein_v4,T16Q01,known,False,0.5,0.6087,0.2857,0.3478,0.8671
dense-k5-settlein_v4,T17Q01,known,False,0.5,0.3736,0.3235,0.2418,0.7868
dense-k5-settlein_v4,T18Q01,known,False,0.3571,0.4348,0.25,0.3043,0.8161
dense-k5-settlein_v4,T18Q02,known,False,0.1429,0.2353,0.1429,0.2353,0.7462
dense-k5-settlein_v4,T19Q01,inferred,False,0.425,0.4359,0.325,0.3333,0.8405
dense-k5-settlein_v4,T22Q01,known,False,0.6875,0.7857,0.625,0.7143,0.8352
dense-k5-settlein_v4,T23Q01,known,False,0.2963,0.381,0.2593,0.3333,0.9324
dense-k5-settlein_v4,T24Q01,known,False,0.2222,0.0748,0.1667,0.0561,0.7368
dense-k5-settlein_v4,T25Q01,known,False,0.6667,0.7368,0.6667,0.7368,0.8905
dense-k5-settlein_v4,T25Q02,known,True,0.0,0.0,0.0,0.0,0.0
dense-k5-settlein_v4,T26Q01,inferred,False,0.1765,0.1364,0.0882,0.0682,0.7346
dense-k5-settlein_v4,T29Q01,known,False,0.8696,0.7843,0.7826,0.7059,0.9896
dense-k5-settlein_v4,T30Q01,known,False,0.4231,0.5238,0.3077,0.381,0.9242
dense-k5-settlein_v4,T30Q02,known,False,0.2692,0.3415,0.1538,0.1951,0.7833
dense-k5-settlein_v4,T31Q01,inferred,False,0.6667,0.6667,0.625,0.625,0.9432
dense-k5-settlein_v4,T35Q01,known,False,0.625,0.7407,0.625,0.7407,0.9362
dense-k5-settlein_v4,T36Q01,known,False,0.1667,0.1951,0.0833,0.0976,0.8323
dense-k5-settlein_v4,T37Q01,known,False,0.6486,0.7385,0.6486,0.7385,0.903
dense-k5-settlein_v4,T38Q01,known,False,0.4412,0.5556,0.3824,0.4815,0.9352
dense-k5-settlein_v4,T39Q01,known,False,0.1429,0.2424,0.1071,0.1818,0.6524
dense-k5-settlein_v4,T39Q02,known,False,0.2143,0.3333,0.1071,0.1667,0.7457
dense-k5-settlein_v4,T40Q01,inferred,False,0.1667,0.1408,0.1667,0.1408,0.7688
hybrid_rerank-k5-settlein_v4-gate05,T01Q01,known,False,0.3889,0.2,0.3333,0.1714,0.9008
hybrid_rerank-k5-settlein_v4-gate05,T02Q01,known,False,0.7222,0.194,0.7222,0.194,0.8734
hybrid_rerank-k5-settlein_v4-gate05,T03Q01,known,True,0.0,0.0,0.0,0.0,0.0
hybrid_rerank-k5-settlein_v4-gate05,T04Q01,known,False,0.5,0.5417,0.3462,0.375,0.8904
hybrid_rerank-k5-settlein_v4-gate05,T04Q02,known,False,0.5769,0.4286,0.4615,0.3429,0.8936
hybrid_rerank-k5-settlein_v4-gate05,T05Q01,inferred,True,0.0,0.0,0.0,0.0,0.0
hybrid_rerank-k5-settlein_v4-gate05,T08Q01,known,False,0.3448,0.4651,0.2759,0.3721,0.8944
hybrid_rerank-k5-settlein_v4-gate05,T09Q01,known,False,0.7222,0.8387,0.7222,0.8387,0.9654
hybrid_rerank-k5-settlein_v4-gate05,T10Q01,known,False,0.7308,0.7755,0.7308,0.7755,0.9054
hybrid_rerank-k5-settlein_v4-gate05,T11Q01,known,False,0.3095,0.4063,0.2857,0.375,0.8796
hybrid_rerank-k5-settlein_v4-gate05,T11Q02,known,False,0.8333,0.7447,0.7619,0.6809,0.8979
hybrid_rerank-k5-settlein_v4-gate05,T12Q01,inferred,False,0.3056,0.2857,0.1667,0.1558,0.8035
hybrid_rerank-k5-settlein_v4-gate05,T15Q01,known,False,0.4348,0.3226,0.3478,0.2581,0.854
hybrid_rerank-k5-settlein_v4-gate05,T16Q01,known,False,0.5714,0.4706,0.4286,0.3529,0.9112
hybrid_rerank-k5-settlein_v4-gate05,T17Q01,known,False,0.4706,0.4923,0.2941,0.3077,0.908
hybrid_rerank-k5-settlein_v4-gate05,T18Q01,known,False,0.5,0.4912,0.3929,0.386,0.8975
hybrid_rerank-k5-settlein_v4-gate05,T18Q02,known,False,0.3929,0.3438,0.2857,0.25,0.8412
hybrid_rerank-k5-settlein_v4-gate05,T19Q01,inferred,False,0.425,0.4658,0.35,0.3836,0.849
hybrid_rerank-k5-settlein_v4-gate05,T22Q01,known,False,0.6875,0.7857,0.625,0.7143,0.8352
hybrid_rerank-k5-settlein_v4-gate05,T23Q01,known,False,0.2963,0.381,0.2593,0.3333,0.9324
hybrid_rerank-k5-settlein_v4-gate05,T24Q01,known,False,0.5,0.6,0.5,0.6,0.8188
hybrid_rerank-k5-settlein_v4-gate05,T25Q01,known,False,0.6667,0.7368,0.6667,0.7368,0.8905
hybrid_rerank-k5-settlein_v4-gate05,T25Q02,known,True,0.0,0.0,0.0,0.0,0.0
hybrid_rerank-k5-settlein_v4-gate05,T26Q01,inferred,False,0.2353,0.1778,0.0882,0.0667,0.7253
hybrid_rerank-k5-settlein_v4-gate05,T29Q01,known,False,0.8696,0.7843,0.7826,0.7059,0.9896
hybrid_rerank-k5-settlein_v4-gate05,T30Q01,known,False,0.2692,0.3784,0.2308,0.3243,0.778
hybrid_rerank-k5-settlein_v4-gate05,T30Q02,known,False,0.4615,0.4444,0.3846,0.3704,0.9052
hybrid_rerank-k5-settlein_v4-gate05,T31Q01,inferred,False,0.375,0.3214,0.2083,0.1786,0.9349
hybrid_rerank-k5-settlein_v4-gate05,T35Q01,known,False,0.5625,0.6923,0.5625,0.6923,0.9221
hybrid_rerank-k5-settlein_v4-gate05,T36Q01,known,False,0.125,0.1875,0.0417,0.0625,0.8122
hybrid_rerank-k5-settlein_v4-gate05,T37Q01,known,False,0.2162,0.3333,0.2162,0.3333,0.8441
hybrid_rerank-k5-settlein_v4-gate05,T38Q01,known,False,0.3824,0.5098,0.3235,0.4314,0.9043
hybrid_rerank-k5-settlein_v4-gate05,T39Q01,known,False,0.3214,0.439,0.2857,0.3902,0.7554
hybrid_rerank-k5-settlein_v4-gate05,T39Q02,known,False,0.2857,0.4324,0.1786,0.2703,0.7647
hybrid_rerank-k5-settlein_v4-gate05,T40Q01,inferred,False,0.3333,0.2273,0.2333,0.1591,0.9086
