question_id,question_type,config,num_citations,citation_precision,citation_recall,citation_validity,unattributed,refused
T01Q01,known,bm25-k5-settlein_v4,1,1.0,0.25,1.0,False,False
T02Q01,known,bm25-k5-settlein_v4,1,0.0,0.0,1.0,False,False
T03Q01,known,bm25-k5-settlein_v4,1,1.0,0.3333,1.0,False,False
T04Q01,known,bm25-k5-settlein_v4,1,1.0,0.5,1.0,False,False
T04Q02,known,bm25-k5-settlein_v4,2,0.5,1.0,1.0,False,False
T05Q01,inferred,bm25-k5-settlein_v4,4,0.0,,1.0,False,False
T06Q01,out_of_kb,bm25-k5-settlein_v4,0,,,1.0,False,True
T07Q01,out_of_kb,bm25-k5-settlein_v4,0,,,1.0,False,True
T08Q01,known,bm25-k5-settlein_v4,2,1.0,1.0,1.0,False,False
T09Q01,known,bm25-k5-settlein_v4,1,1.0,0.5,1.0,False,False
T10Q01,known,bm25-k5-settlein_v4,1,1.0,0.5,1.0,False,False
T11Q01,known,bm25-k5-settlein_v4,2,1.0,1.0,1.0,False,False
T11Q02,known,bm25-k5-settlein_v4,2,0.0,,1.0,False,False
T12Q01,inferred,bm25-k5-settlein_v4,2,1.0,0.6667,1.0,False,False
T13Q01,out_of_kb,bm25-k5-settlein_v4,0,,,1.0,False,True
T14Q01,out_of_kb,bm25-k5-settlein_v4,2,0.0,,1.0,False,False
T15Q01,known,bm25-k5-settlein_v4,2,0.5,0.5,1.0,False,False
T16Q01,known,bm25-k5-settlein_v4,1,0.0,0.0,1.0,False,False
T17Q01,known,bm25-k5-settlein_v4,1,1.0,0.5,1.0,False,False
T18Q01,known,bm25-k5-settlein_v4,1,1.0,0.5,1.0,False,False
T18Q02,known,bm25-k5-settlein_v4,1,0.0,0.0,1.0,False,False
T19Q01,inferred,bm25-k5-settlein_v4,2,1.0,0.6667,1.0,False,False
T20Q01,out_of_kb,bm25-k5-settlein_v4,1,0.0,,1.0,False,False
T21Q01,out_of_kb,bm25-k5-settlein_v4,2,0.0,,1.0,False,False
T22Q01,known,bm25-k5-settlein_v4,2,0.0,0.0,1.0,False,False
T23Q01,known,bm25-k5-settlein_v4,1,1.0,1.0,1.0,False,False
T24Q01,known,bm25-k5-settlein_v4,1,0.0,,1.0,False,False
T25Q01,known,bm25-k5-settlein_v4,1,1.0,0.5,1.0,False,False
T25Q02,known,bm25-k5-settlein_v4,2,0.0,,1.0,False,False
T26Q01,inferred,bm25-k5-settlein_v4,1,0.0,,1.0,False,False
T27Q01,out_of_kb,bm25-k5-settlein_v4,2,0.0,,1.0,False,False
T28Q01,out_of_kb,bm25-k5-settlein_v4,2,0.0,,1.0,False,False
T29Q01,known,bm25-k5-settlein_v4,1,1.0,0.5,1.0,False,False
T30Q01,known,bm25-k5-settlein_v4,1,1.0,0.5,1.0,False,False
T30Q02,known,bm25-k5-settlein_v4,1,1.0,1.0,1.0,False,False
T31Q01,inferred,bm25-k5-settlein_v4,2,1.0,1.0,1.0,False,False
T32Q01,out_of_kb,bm25-k5-settlein_v4,1,0.0,,1.0,False,False
T33Q01,out_of_kb,bm25-k5-settlein_v4,0,,,1.0,False,True
T34Q01,out_of_kb,bm25-k5-settlein_v4,0,,,1.0,False,True
T35Q01,known,bm25-k5-settlein_v4,1,1.0,1.0,1.0,False,False
T36Q01,known,bm25-k5-settlein_v4,2,0.5,0.5,1.0,False,False
T37Q01,known,bm25-k5-settlein_v4,1,1.0,1.0,1.0,False,False
T38Q01,known,bm25-k5-settlein_v4,0,,0.0,,True,False
T39Q01,known,bm25-k5-settlein_v4,1,1.0,1.0,1.0,False,False
T39Q02,known,bm25-k5-settlein_v4,1,1.0,1.0,1.0,False,False
T40Q01,inferred,bm25-k5-settlein_v4,1,1.0,1.0,1.0,False,False
T41Q01,out_of_kb,bm25-k5-settlein_v4,0,,,1.0,False,True
T42Q01,out_of_kb,bm25-k5-settlein_v4,1,0.0,,1.0,False,False
T01Q01,known,closed_book,0,,,,True,False
T02Q01,known,closed_book,0,,,,True,False
T03Q01,known,closed_book,0,,,,True,False
T04Q01,known,closed_book,0,,,,True,False
T04Q02,known,closed_book,0,,,,True,False
T05Q01,inferred,closed_book,0,,,,True,False
T06Q01,out_of_kb,closed_book,0,,,,True,False
T07Q01,out_of_kb,closed_book,0,,,,True,False
T08Q01,known,closed_book,0,,,,True,False
T09Q01,known,closed_book,0,,,,True,False
T10Q01,known,closed_book,0,,,,True,False
T11Q01,known,closed_book,0,,,,True,False
T11Q02,known,closed_book,0,,,,True,False
T12Q01,inferred,closed_book,0,,,,True,False
T13Q01,out_of_kb,closed_book,0,,,,True,False
T14Q01,out_of_kb,closed_book,0,,,,True,False
T15Q01,known,closed_book,0,,,,True,False
T16Q01,known,closed_book,0,,,,True,False
T17Q01,known,closed_book,0,,,,True,False
T18Q01,known,closed_book,0,,,,True,False
T18Q02,known,closed_book,0,,,,True,False
T19Q01,inferred,closed_book,0,,,,True,False
T20Q01,out_of_kb,closed_book,0,,,,True,False
T21Q01,out_of_kb,closed_book,0,,,,True,False
T22Q01,known,closed_book,0,,,,True,False
T23Q01,known,closed_book,0,,,,True,False
T24Q01,known,closed_book,0,,,,True,False
T25Q01,known,closed_book,0,,,,True,False
T25Q02,known,closed_book,0,,,,True,False
T26Q01,inferred,closed_book,0,,,,True,False
T27Q01,out_of_kb,closed_book,0,,,,True,False
T28Q01,out_of_kb,closed_book,0,,,,True,False
T29Q01,known,closed_book,0,,,,True,False
T30Q01,known,closed_book,0,,,,True,False
T30Q02,known,closed_book,0,,,,True,False
T31Q01,inferred,closed_book,0,,,,True,False
T32Q01,out_of_kb,closed_book,0,,,,True,False
T33Q01,out_of_kb,closed_book,0,,,,True,False
T34Q01,out_of_kb,closed_book,0,,,,True,False
T35Q01,known,closed_book,0,,,,True,False
T36Q01,known,closed_book,0,,,,True,False
T37Q01,known,closed_book,0,,,,True,False
T38Q01,known,closed_book,0,,,,True,False
T39Q01,known,closed_book,0,,,,True,False
T39Q02,known,closed_book,0,,,,True,False
T40Q01,inferred,closed_book,0,,,,True,False
T41Q01,out_of_kb,closed_book,0,,,,True,False
T42Q01,out_of_kb,closed_book,0,,,,True,False
T01Q01,known,dense-k5-settlein_v4,1,1.0,0.25,1.0,False,False
T02Q01,known,dense-k5-settlein_v4,2,0.5,1.0,1.0,False,False
T03Q01,known,dense-k5-settlein_v4,2,0.5,0.3333,1.0,False,False
T04Q01,known,dense-k5-settlein_v4,1,1.0,0.5,1.0,False,False
T04Q02,known,dense-k5-settlein_v4,2,0.5,0.5,1.0,False,False
T05Q01,inferred,dense-k5-settlein_v4,0,,0.0,,True,False
T06Q01,out_of_kb,dense-k5-settlein_v4,0,,,1.0,False,True
T07Q01,out_of_kb,dense-k5-settlein_v4,0,,,1.0,False,True
T08Q01,known,dense-k5-settlein_v4,1,1.0,0.5,1.0,False,False
T09Q01,known,dense-k5-settlein_v4,1,1.0,0.5,1.0,False,False
T10Q01,known,dense-k5-settlein_v4,1,1.0,0.5,1.0,False,False
T11Q01,known,dense-k5-settlein_v4,1,1.0,1.0,1.0,False,False
T11Q02,known,dense-k5-settlein_v4,1,0.0,,1.0,False,False
T12Q01,inferred,dense-k5-settlein_v4,1,1.0,0.5,1.0,False,False
T13Q01,out_of_kb,dense-k5-settlein_v4,0,,,1.0,False,True
T14Q01,out_of_kb,dense-k5-settlein_v4,0,,,1.0,False,True
T15Q01,known,dense-k5-settlein_v4,1,1.0,0.3333,1.0,False,False
T16Q01,known,dense-k5-settlein_v4,1,1.0,0.5,1.0,False,False
T17Q01,known,dense-k5-settlein_v4,2,0.5,1.0,1.0,False,False
T18Q01,known,dense-k5-settlein_v4,1,1.0,0.5,1.0,False,False
T18Q02,known,dense-k5-settlein_v4,1,0.0,0.0,1.0,False,False
T19Q01,inferred,dense-k5-settlein_v4,2,1.0,0.5,1.0,False,False
T20Q01,out_of_kb,dense-k5-settlein_v4,1,0.0,,1.0,False,False
T21Q01,out_of_kb,dense-k5-settlein_v4,1,0.0,,1.0,False,False
T22Q01,known,dense-k5-settlein_v4,1,1.0,0.5,1.0,False,False
T23Q01,known,dense-k5-settlein_v4,1,0.0,0.0,1.0,False,False
T24Q01,known,dense-k5-settlein_v4,1,0.0,0.0,1.0,False,False
T25Q01,known,dense-k5-settlein_v4,1,1.0,0.5,1.0,False,False
T25Q02,known,dense-k5-settlein_v4,0,,,1.0,False,True
T26Q01,inferred,dense-k5-settlein_v4,0,,0.0,,True,False
T27Q01,out_of_kb,dense-k5-settlein_v4,1,0.0,,1.0,False,False
T28Q01,out_of_kb,dense-k5-settlein_v4,2,0.0,,1.0,False,False
T29Q01,known,dense-k5-settlein_v4,1,1.0,0.5,1.0,False,False
T30Q01,known,dense-k5-settlein_v4,1,1.0,0.5,1.0,False,False
T30Q02,known,dense-k5-settlein_v4,1,1.0,0.5,1.0,False,False
T31Q01,inferred,dense-k5-settlein_v4,2,1.0,1.0,1.0,False,False
T32Q01,out_of_kb,dense-k5-settlein_v4,2,0.0,,1.0,False,False
T33Q01,out_of_kb,dense-k5-settlein_v4,0,,,1.0,False,True
T34Q01,out_of_kb,dense-k5-settlein_v4,0,,,1.0,False,True
T35Q01,known,dense-k5-settlein_v4,1,1.0,1.0,1.0,False,False
T36Q01,known,dense-k5-settlein_v4,1,1.0,0.5,1.0,False,False
T37Q01,known,dense-k5-settlein_v4,1,1.0,0.5,1.0,False,False
T38Q01,known,dense-k5-settlein_v4,1,1.0,1.0,1.0,False,False
T39Q01,known,dense-k5-settlein_v4,1,1.0,1.0,1.0,False,False
T39Q02,known,dense-k5-settlein_v4,1,1.0,1.0,1.0,False,False
T40Q01,inferred,dense-k5-settlein_v4,1,1.0,0.3333,1.0,False,False
T41Q01,out_of_kb,dense-k5-settlein_v4,0,,,1.0,False,True
T42Q01,out_of_kb,dense-k5-settlein_v4,2,0.0,,1.0,False,False
