question_id,config,method,total_cited,stale_cited,stale_citation_rate,stale_retrieved,states_40_hours
T01Q01,bm25-k5-settlein_v4,,1,0,0.0,0,False
T02Q01,bm25-k5-settlein_v4,,1,0,0.0,0,False
T03Q01,bm25-k5-settlein_v4,,1,0,0.0,0,False
T01Q01,closed_book,,0,0,0.0,0,True
T02Q01,closed_book,,0,0,0.0,0,False
T03Q01,closed_book,,0,0,0.0,0,False
T01Q01,closed_book_instructed,,0,0,0.0,0,True
T02Q01,closed_book_instructed,,0,0,0.0,0,False
T03Q01,closed_book_instructed,,0,0,0.0,0,False
T01Q01,currency_bm25_with_superseded,bm25,1,0,0.0,1,False
T02Q01,currency_bm25_with_superseded,bm25,1,0,0.0,1,True
T03Q01,currency_bm25_with_superseded,bm25,2,0,0.0,1,False
T01Q01,currency_ctx,bm25,1,0,0.0,1,False
T02Q01,currency_ctx,bm25,3,1,0.3333,1,True
T03Q01,currency_ctx,bm25,2,0,0.0,1,False
T01Q01,currency_ctx,dense,1,0,0.0,1,True
T02Q01,currency_ctx,dense,1,0,0.0,2,False
T03Q01,currency_ctx,dense,0,0,0.0,3,False
T01Q01,currency_with_superseded,,1,0,0.0,1,True
T02Q01,currency_with_superseded,,2,1,0.5,2,False
T03Q01,currency_with_superseded,,0,0,0.0,3,False
T01Q01,dense-k5-settlein_v4,,1,0,0.0,0,False
T02Q01,dense-k5-settlein_v4,,2,0,0.0,0,True
T03Q01,dense-k5-settlein_v4,,2,0,0.0,0,False
T01Q01,hybrid_rerank-k5-settlein_v4-gate05,,1,0,0.0,0,False
T02Q01,hybrid_rerank-k5-settlein_v4-gate05,,2,0,0.0,0,True
T03Q01,hybrid_rerank-k5-settlein_v4-gate05,,0,0,0.0,0,False
