topic_id,run,num_variants,mean_ndcg5,std_ndcg5,policy_mean,student_mean,register_gap,best_variant,worst_variant
T04,bm25-k5-settlein_v4,2,0.8552,0.1344,0.9502,0.7602,0.19,0.9502,0.7602
T11,bm25-k5-settlein_v4,2,0.2605,0.3683,0.5209,0.0,0.5209,0.5209,0.0
T18,bm25-k5-settlein_v4,2,0.7186,0.1129,0.7985,0.6388,0.1597,0.7985,0.6388
T25,bm25-k5-settlein_v4,2,0.5,0.7071,1.0,0.0,1.0,1.0,0.0
T30,bm25-k5-settlein_v4,2,0.842,0.1158,0.9239,0.7602,0.1637,0.9239,0.7602
T39,bm25-k5-settlein_v4,2,1.0,0.0,1.0,1.0,0.0,1.0,1.0
T04,dense-k5-settlein_v4,2,0.9619,0.0538,0.9239,1.0,0.0761,1.0,0.9239
T11,dense-k5-settlein_v4,2,0.3194,0.4517,0.6388,0.0,0.6388,0.6388,0.0
T18,dense-k5-settlein_v4,2,0.359,0.0561,0.3987,0.3194,0.0793,0.3987,0.3194
T25,dense-k5-settlein_v4,2,0.4619,0.6533,0.9239,0.0,0.9239,0.9239,0.0
T30,dense-k5-settlein_v4,2,0.9751,0.0352,1.0,0.9502,0.0498,1.0,0.9502
T39,dense-k5-settlein_v4,2,1.0,0.0,1.0,1.0,0.0,1.0,1.0
T04,hybrid_rerank-k5-settlein_v4-gate05,2,0.9156,0.0118,0.9239,0.9072,0.0167,0.9239,0.9072
T11,hybrid_rerank-k5-settlein_v4-gate05,2,0.7006,0.0874,0.7623,0.6388,0.1236,0.7623,0.6388
T18,hybrid_rerank-k5-settlein_v4-gate05,2,0.5897,0.264,0.7763,0.403,0.3733,0.7763,0.403
T25,hybrid_rerank-k5-settlein_v4-gate05,2,0.5,0.7071,1.0,0.0,1.0,1.0,0.0
T30,hybrid_rerank-k5-settlein_v4-gate05,2,0.9156,0.0118,0.9239,0.9072,0.0167,0.9239,0.9072
T39,hybrid_rerank-k5-settlein_v4-gate05,2,1.0,0.0,1.0,1.0,0.0,1.0,1.0
