config,question_id,question_type,ndcg1,ndcg3,ndcg5,recall5,hit5,mrr,retrieved_ids
bm25,T01Q01,known,0.5,0.7341740173706042,0.8642054753803928,1.0,1.0,1.0,S03_001;S17_001;S03_003;S03_002;S17_003
dense,T01Q01,known,0.5,0.6993694869720469,0.8329762261778096,1.0,1.0,1.0,S03_003;S03_001;S17_001;S03_002;S17_003
hybrid_rrf,T01Q01,known,0.5,0.6993694869720469,0.8329762261778096,1.0,1.0,1.0,S03_001;S03_003;S17_001;S03_002;S17_003
bm25,T02Q01,known,0.0,0.6309297535714575,0.6309297535714575,1.0,1.0,0.5,S09_003;S03_002;S03_001;S03_003;S15_004
dense,T02Q01,known,0.0,0.6309297535714575,0.6309297535714575,1.0,1.0,0.5,S03_001;S03_002;S03_003;S15_004;S03_007
hybrid_rrf,T02Q01,known,0.0,0.6309297535714575,0.6309297535714575,1.0,1.0,0.5,S03_001;S03_002;S03_003;S15_004;S03_008
bm25,T03Q01,known,0.5,0.8821211986607034,0.8821211986607034,1.0,1.0,1.0,S03_003;S17_001;S03_002;S03_001;S17_002
dense,T03Q01,known,0.5,0.7224242270408039,0.8599797111848092,1.0,1.0,1.0,S03_003;S17_001;S17_003;S03_002;S03_001
hybrid_rrf,T03Q01,known,0.5,0.8821211986607034,0.8821211986607034,1.0,1.0,1.0,S03_003;S17_001;S03_002;S03_001;S17_003
bm25,T04Q01,known,1.0,0.9502344167898356,0.9502344167898356,1.0,1.0,1.0,S03_003;S04_001;S03_002;S03_001;S17_003
dense,T04Q01,known,1.0,0.7601875334318685,0.9238850086262381,1.0,1.0,1.0,S03_003;S17_001;S03_001;S03_002;S17_002
hybrid_rrf,T04Q01,known,1.0,1.0,1.0,1.0,1.0,1.0,S03_003;S03_002;S03_001;S04_001;S17_001
bm25,T04Q02,known,1.0,0.7601875334318685,0.7601875334318685,0.5,1.0,1.0,S03_003;S17_001;S08_005;S10_002;S09_003
dense,T04Q02,known,1.0,1.0,1.0,1.0,1.0,1.0,S03_003;S03_002;S17_001;S17_003;S03_001
hybrid_rrf,T04Q02,known,1.0,0.9502344167898356,0.9502344167898356,1.0,1.0,1.0,S03_003;S17_001;S03_002;S03_001;S17_003
bm25,T05Q01,inferred,0.0,0.0,0.0,0.0,0.0,0.08333333333333333,S03_005;S05_008;S09_005;S10_002;S08_004
dense,T05Q01,inferred,0.0,0.2960819109658652,0.4912596920895758,0.6,1.0,0.5,S03_007;S15_004;S03_008;S15_001;S03_010
hybrid_rrf,T05Q01,inferred,0.0,0.5307212739772434,0.5147714448836774,0.6,1.0,0.5,S03_005;S15_001;S03_010;S04_002;S15_004
bm25,T08Q01,known,0.5,0.31939394323979897,0.5945049115278096,0.6666666666666666,1.0,1.0,S02_004;S02_005;S03_010;S02_002;S03_002
dense,T08Q01,known,0.5,0.47909091485969846,0.47909091485969846,0.6666666666666666,1.0,1.0,S02_004;S05_010;S02_003;S05_011;S05_002
hybrid_rrf,T08Q01,known,0.5,0.6387878864795979,0.6387878864795979,0.6666666666666666,1.0,1.0,S02_004;S02_005;S02_002;S03_010;S05_010
bm25,T09Q01,known,1.0,1.0,1.0,1.0,1.0,1.0,S02_002;S02_005;S02_001;S16_006;S02_003
dense,T09Q01,known,0.0,0.6934264036172708,0.6934264036172708,1.0,1.0,0.5,S02_003;S02_005;S02_002;S02_001;S02_004
hybrid_rrf,T09Q01,known,1.0,1.0,1.0,1.0,1.0,1.0,S02_002;S02_005;S02_003;S02_001;S16_006
bm25,T10Q01,known,0.5,0.8597186998521972,0.8597186998521972,1.0,1.0,1.0,S05_005;S05_004;S05_001;S16_002;S10_001
dense,T10Q01,known,0.0,0.66967181649423,0.66967181649423,1.0,1.0,0.5,S05_006;S05_004;S05_005;S05_009;S05_011
hybrid_rrf,T10Q01,known,0.5,0.8597186998521972,0.8597186998521972,1.0,1.0,1.0,S05_005;S05_004;S05_006;S05_001;S05_009
bm25,T11Q01,known,0.0,0.5209090851403014,0.5209090851403014,0.6666666666666666,1.0,0.5,S05_001;S05_011;S05_002;S05_004;S15_006
dense,T11Q01,known,1.0,0.6387878864795979,0.6387878864795979,0.3333333333333333,1.0,1.0,S05_002;S05_001;S05_006;S05_004;S05_007
hybrid_rrf,T11Q01,known,0.0,0.4030302838010049,0.5405857679450102,0.6666666666666666,1.0,0.5,S05_001;S05_002;S05_004;S05_011;S05_006
bm25,T11Q02,known,0.0,0.0,0.0,0.0,0.0,0.1111111111111111,S05_005;S15_009;S05_001;S05_004;S03_001
dense,T11Q02,known,0.0,0.0,0.0,0.0,0.0,0.16666666666666666,S05_006;S05_005;S05_009;S05_004;S05_007
hybrid_rrf,T11Q02,known,0.0,0.0,0.0,0.0,0.0,0.16666666666666666,S05_005;S05_004;S05_001;S05_009;S05_006
bm25,T12Q01,inferred,1.0,1.0,0.8318724637288826,0.75,1.0,1.0,S05_010;S02_002;S05_002;S03_002;S09_004
dense,T12Q01,inferred,0.0,0.5307212739772434,0.44149241373678083,0.5,1.0,0.5,S05_011;S05_010;S05_002;S05_012;S07_001
hybrid_rrf,T12Q01,inferred,1.0,0.7653606369886217,0.6366824387328317,0.5,1.0,1.0,S05_010;S05_002;S05_004;S04_002;S05_011
bm25,T15Q01,known,1.0,0.8670870086853021,0.8670870086853021,0.6666666666666666,1.0,1.0,S09_002;S09_001;S03_003;S10_008;S03_001
dense,T15Q01,known,0.0,0.3354350434265105,0.6555911179039409,1.0,1.0,0.5,S09_004;S09_001;S10_008;S09_005;S09_002
hybrid_rrf,T15Q01,known,1.0,0.8670870086853021,0.9815720279306078,1.0,1.0,1.0,S09_001;S09_002;S10_008;S09_005;S09_003
bm25,T16Q01,known,1.0,0.7601875334318685,0.7601875334318685,0.5,1.0,1.0,S09_005;S05_008;S09_001;S15_001;S10_004
dense,T16Q01,known,1.0,0.9502344167898356,0.9502344167898356,1.0,1.0,1.0,S09_005;S09_001;S09_002;S09_004;S10_002
hybrid_rrf,T16Q01,known,1.0,0.7601875334318685,0.7601875334318685,0.5,1.0,1.0,S09_005;S09_001;S10_004;S10_003;S02_004
bm25,T17Q01,known,0.5,0.6387878864795979,0.5615443777322888,0.5,1.0,1.0,S10_003;S10_001;S10_004;S08_005;S09_002
dense,T17Q01,known,0.0,0.0,0.12092199990360372,0.25,1.0,0.25,S10_006;S10_002;S10_001;S10_003;S09_003
hybrid_rrf,T17Q01,known,0.5,0.31939394323979897,0.5226161886733519,0.5,1.0,1.0,S10_003;S10_001;S10_002;S10_004;S09_002
bm25,T18Q01,known,1.0,0.7984848580994974,0.7984848580994974,0.6666666666666666,1.0,1.0,S09_003;S09_002;S09_004;S10_006;S10_002
dense,T18Q01,known,0.0,0.0,0.3986694118440367,0.6666666666666666,1.0,0.25,S09_005;S09_002;S09_001;S09_003;S09_004
hybrid_rrf,T18Q01,known,0.0,0.5627272554209044,0.5627272554209044,0.6666666666666666,1.0,0.5,S09_002;S09_003;S09_004;S09_005;S10_006
bm25,T18Q02,known,1.0,0.6387878864795979,0.6387878864795979,0.3333333333333333,1.0,1.0,S09_003;S10_002;S08_005;S10_001;S01_003
dense,T18Q02,known,0.5,0.31939394323979897,0.31939394323979897,0.3333333333333333,1.0,1.0,S09_004;S09_005;S10_001;S10_006;S09_001
hybrid_rrf,T18Q02,known,1.0,0.6387878864795979,0.6387878864795979,0.3333333333333333,1.0,1.0,S09_003;S10_001;S10_002;S09_005;S08_005
bm25,T19Q01,inferred,0.0,0.5307212739772434,0.5296347172140421,0.6,1.0,0.5,S08_005;S10_002;S10_006;S10_003;S10_001
dense,T19Q01,inferred,1.0,0.7039180890341347,0.7860137352654724,0.8,1.0,1.0,S10_006;S10_001;S10_002;S10_003;S10_007
hybrid_rrf,T19Q01,inferred,1.0,0.7653606369886217,0.6992148198508501,0.6,1.0,1.0,S10_006;S10_002;S10_001;S10_003;S08_005
bm25,T22Q01,known,1.0,1.0,1.0,1.0,1.0,1.0,S08_001;S17_003;S15_001;S17_002;S03_002
dense,T22Q01,known,0.5,0.7601875334318685,0.7601875334318685,1.0,1.0,1.0,S17_003;S03_002;S08_001;S03_001;S17_001
hybrid_rrf,T22Q01,known,0.5,0.8597186998521972,0.8597186998521972,1.0,1.0,1.0,S17_003;S08_001;S03_002;S17_002;S15_001
bm25,T23Q01,known,0.0,0.3065735963827292,0.3065735963827292,0.5,1.0,0.3333333333333333,S10_008;S09_004;S10_010;S10_002;S09_003
dense,T23Q01,known,1.0,1.0,1.0,1.0,1.0,1.0,S10_010;S08_003;S17_003;S03_002;S08_004
hybrid_rrf,T23Q01,known,1.0,0.9197207891481876,0.9197207891481876,1.0,1.0,1.0,S10_010;S10_008;S08_003;S08_004;S17_003
bm25,T24Q01,known,0.0,0.0,0.0,0.0,0.0,0.14285714285714285,S10_011;S09_007;S08_006;S09_003;S10_002
dense,T24Q01,known,1.0,0.7601875334318685,0.7601875334318685,0.5,1.0,1.0,S08_004;S09_003;S10_006;S09_008;S10_012
hybrid_rrf,T24Q01,known,0.0,0.4796249331362629,0.4796249331362629,0.5,1.0,0.5,S09_003;S08_004;S10_006;S10_002;S09_008
bm25,T25Q01,known,1.0,1.0,1.0,1.0,1.0,1.0,S06_003;S06_002;S06_001;S06_004;S06_007
dense,T25Q01,known,1.0,0.7601875334318685,0.9238850086262381,1.0,1.0,1.0,S06_003;S10_005;S06_004;S06_002;S08_002
hybrid_rrf,T25Q01,known,1.0,1.0,1.0,1.0,1.0,1.0,S06_003;S06_002;S06_004;S06_001;S10_005
bm25,T25Q02,known,0.0,0.0,0.0,0.0,0.0,0.045454545454545456,S02_001;S08_005;S15_001;S05_002;S10_006
dense,T25Q02,known,0.0,0.0,0.0,0.0,0.0,0.023809523809523808,S15_001;S15_003;S05_003;S03_011;S15_004
hybrid_rrf,T25Q02,known,0.0,0.0,0.0,0.0,0.0,0.022222222222222223,S15_001;S15_003;S03_016;S05_003;S15_009
bm25,T26Q01,inferred,0.0,0.0,0.0,0.0,0.0,0.14285714285714285,S10_002;S03_002;S03_003;S03_001;S09_003
dense,T26Q01,inferred,0.0,0.5307212739772434,0.5147714448836774,0.6,1.0,0.5,S03_002;S08_003;S08_004;S10_009;S17_003
hybrid_rrf,T26Q01,inferred,0.0,0.2960819109658652,0.34519134224686937,0.4,1.0,0.5,S03_002;S08_003;S03_001;S10_002;S10_010
bm25,T29Q01,known,0.5,0.8597186998521972,0.8597186998521972,1.0,1.0,1.0,S01_005;S01_001;S01_002;S01_004;S09_002
dense,T29Q01,known,1.0,1.0,1.0,1.0,1.0,1.0,S01_001;S01_005;S01_004;S01_002;S01_003
hybrid_rrf,T29Q01,known,0.5,0.8597186998521972,0.8597186998521972,1.0,1.0,1.0,S01_005;S01_001;S01_002;S01_004;S01_003
bm25,T30Q01,known,1.0,0.7601875334318685,0.9238850086262381,1.0,1.0,1.0,S01_004;S01_005;S01_001;S01_003;S01_002
dense,T30Q01,known,1.0,1.0,1.0,1.0,1.0,1.0,S01_004;S01_003;S01_005;S01_001;S01_002
hybrid_rrf,T30Q01,known,1.0,0.9502344167898356,0.9502344167898356,1.0,1.0,1.0,S01_004;S01_005;S01_003;S01_001;S01_002
bm25,T30Q02,known,1.0,0.7601875334318685,0.7601875334318685,0.5,1.0,1.0,S01_004;S10_002;S09_003;S10_001;S01_005
dense,T30Q02,known,1.0,0.9502344167898356,0.9502344167898356,1.0,1.0,1.0,S01_004;S01_005;S01_003;S01_001;S01_002
hybrid_rrf,T30Q02,known,1.0,0.9502344167898356,0.9502344167898356,1.0,1.0,1.0,S01_004;S01_005;S01_003;S01_001;S09_003
bm25,T31Q01,inferred,1.0,1.0,1.0,1.0,1.0,1.0,S15_003;S01_003;S01_001;S01_005;S01_002
dense,T31Q01,inferred,1.0,0.9197207891481876,0.9197207891481876,1.0,1.0,1.0,S15_003;S01_001;S01_003;S01_005;S01_002
hybrid_rrf,T31Q01,inferred,1.0,1.0,1.0,1.0,1.0,1.0,S15_003;S01_003;S01_001;S01_005;S01_002
bm25,T35Q01,known,1.0,1.0,1.0,1.0,1.0,1.0,S16_001;S02_004;S16_002;S16_006;S13_001
dense,T35Q01,known,1.0,1.0,1.0,1.0,1.0,1.0,S16_001;S16_002;S13_008;S13_006;S16_005
hybrid_rrf,T35Q01,known,1.0,1.0,1.0,1.0,1.0,1.0,S16_001;S16_002;S13_006;S16_006;S16_005
bm25,T36Q01,known,1.0,0.5316519652587917,0.6461369845040973,0.6666666666666666,1.0,1.0,S16_002;S16_001;S16_003;S13_001;S15_007
dense,T36Q01,known,0.0,0.16771752171325524,0.39668756020386675,0.6666666666666666,1.0,0.5,S16_003;S13_001;S16_001;S13_002;S13_006
hybrid_rrf,T36Q01,known,0.0,0.13291299131469791,0.36188302980530945,0.6666666666666666,1.0,0.3333333333333333,S16_003;S16_001;S13_001;S16_002;S13_006
bm25,T37Q01,known,0.5,0.31939394323979897,0.31939394323979897,0.3333333333333333,1.0,1.0,S13_004;S13_002;S13_001;S10_008;S16_003
dense,T37Q01,known,0.5,0.7224242270408039,0.7224242270408039,0.6666666666666666,1.0,1.0,S13_004;S13_005;S16_001;S13_002;S13_006
hybrid_rrf,T37Q01,known,0.5,0.31939394323979897,0.5665108303518511,0.6666666666666666,1.0,1.0,S13_004;S13_002;S13_001;S13_006;S13_005
bm25,T38Q01,known,1.0,1.0,1.0,1.0,1.0,1.0,S15_003;S10_002;S09_003;S16_004;S07_001
dense,T38Q01,known,1.0,1.0,1.0,1.0,1.0,1.0,S15_003;S10_002;S08_002;S05_003;S15_004
hybrid_rrf,T38Q01,known,1.0,1.0,1.0,1.0,1.0,1.0,S15_003;S10_002;S05_012;S16_004;S05_003
bm25,T39Q01,known,1.0,1.0,1.0,1.0,1.0,1.0,S13_007;S13_001;S13_002;S16_001;S03_015
dense,T39Q01,known,1.0,1.0,1.0,1.0,1.0,1.0,S13_007;S13_002;S13_005;S13_008;S13_001
hybrid_rrf,T39Q01,known,1.0,1.0,1.0,1.0,1.0,1.0,S13_007;S13_002;S13_001;S16_001;S13_005
bm25,T39Q02,known,1.0,1.0,1.0,1.0,1.0,1.0,S13_007;S13_008;S10_005;S03_005;S13_005
dense,T39Q02,known,1.0,1.0,1.0,1.0,1.0,1.0,S13_007;S13_008;S13_005;S13_002;S16_003
hybrid_rrf,T39Q02,known,1.0,1.0,1.0,1.0,1.0,1.0,S13_007;S13_008;S13_005;S13_002;S16_005
bm25,T40Q01,inferred,0.0,0.0,0.14606834984270645,0.2,1.0,0.25,S16_007;S15_003;S15_001;S13_005;S15_009
dense,T40Q01,inferred,0.0,0.2960819109658652,0.4912596920895758,0.6,1.0,0.5,S13_008;S16_001;S16_007;S13_006;S16_005
hybrid_rrf,T40Q01,inferred,0.0,0.5307212739772434,0.5296347172140421,0.6,1.0,0.5,S16_007;S16_001;S13_006;S16_005;S15_003
