experiment,metric,group1,group2,n,diff,diff_ci95_lo,diff_ci95_hi,wins,losses,ties,p,p_holm,significant,p_tukey_unpaired
main,ndcg5,bm25-k5-settlein_v4,dense-k5-settlein_v4,35,-0.0377,-0.1387,0.0538,15,13,7,0.4517,0.4517,False,0.6258
main,recall5,bm25-k5-settlein_v4,dense-k5-settlein_v4,35,-0.1181,-0.2029,-0.039,3,11,21,0.0088,0.0088,True,0.1453
main,hit5,bm25-k5-settlein_v4,dense-k5-settlein_v4,35,-0.0857,-0.2,0.0,0,3,32,0.2528,0.2528,False,0.2381
main,mrr,bm25-k5-settlein_v4,dense-k5-settlein_v4,35,0.0024,-0.1262,0.1238,7,7,21,1.0,1.0,False,0.9776
main_vs_exploratory,ndcg5,bm25-k5-settlein_v4,dense-k5-settlein_v4,35,-0.0377,-0.1387,0.0538,15,13,7,0.4517,0.4517,False,0.8479
main_vs_exploratory,ndcg5,bm25-k5-settlein_v4,hybrid_rerank-k5-settlein_v4-gate05,35,-0.1877,-0.2874,-0.0981,6,20,9,0.0002,0.0004,True,0.0204
main_vs_exploratory,ndcg5,dense-k5-settlein_v4,hybrid_rerank-k5-settlein_v4-gate05,35,-0.15,-0.2132,-0.0913,4,22,9,0.0001,0.0003,True,0.0796
main_vs_exploratory,recall5,bm25-k5-settlein_v4,dense-k5-settlein_v4,35,-0.1181,-0.2029,-0.039,3,11,21,0.0088,0.014,False,0.2487
main_vs_exploratory,recall5,bm25-k5-settlein_v4,hybrid_rerank-k5-settlein_v4-gate05,35,-0.2048,-0.3014,-0.1186,0,15,20,0.0001,0.0003,True,0.0176
main_vs_exploratory,recall5,dense-k5-settlein_v4,hybrid_rerank-k5-settlein_v4-gate05,35,-0.0867,-0.1438,-0.0343,0,8,27,0.007,0.014,False,0.4696
main_vs_exploratory,hit5,bm25-k5-settlein_v4,dense-k5-settlein_v4,35,-0.0857,-0.2,0.0,0,3,32,0.2528,0.5055,False,0.3684
main_vs_exploratory,hit5,bm25-k5-settlein_v4,hybrid_rerank-k5-settlein_v4-gate05,35,-0.1143,-0.2286,-0.0286,0,4,31,0.1246,0.3738,False,0.1725
main_vs_exploratory,hit5,dense-k5-settlein_v4,hybrid_rerank-k5-settlein_v4-gate05,35,-0.0286,-0.0857,0.0,0,1,34,1.0,1.0,False,0.8938
main_vs_exploratory,mrr,bm25-k5-settlein_v4,dense-k5-settlein_v4,35,0.0024,-0.1262,0.1238,7,7,21,1.0,1.0,False,0.9994
main_vs_exploratory,mrr,bm25-k5-settlein_v4,hybrid_rerank-k5-settlein_v4-gate05,35,-0.1833,-0.3143,-0.0643,1,9,25,0.0093,0.0186,False,0.0382
main_vs_exploratory,mrr,dense-k5-settlein_v4,hybrid_rerank-k5-settlein_v4-gate05,35,-0.1857,-0.2929,-0.0857,1,12,22,0.0024,0.0072,True,0.0352
retrieval_ablation,ndcg5,bm25_original,dense_original,35,-0.0377,-0.1387,0.0539,15,13,7,0.4517,1.0,False,0.9968
retrieval_ablation,ndcg5,bm25_original,bm25_ctx,35,-0.0479,-0.0891,-0.011,5,9,21,0.0203,0.2233,False,0.9902
retrieval_ablation,ndcg5,bm25_original,dense_ctx,35,-0.0691,-0.158,0.0187,10,19,6,0.1368,1.0,False,0.9506
retrieval_ablation,ndcg5,bm25_original,bm25_docfirst,35,0.1545,0.0528,0.2682,10,5,20,0.008,0.096,False,0.3628
retrieval_ablation,ndcg5,bm25_original,dense_docfirst,35,-0.0172,-0.1199,0.0806,15,13,7,0.7407,1.0,False,0.9999
retrieval_ablation,ndcg5,dense_original,bm25_ctx,35,-0.0102,-0.0908,0.0756,12,17,6,0.8136,1.0,False,1.0
retrieval_ablation,ndcg5,dense_original,dense_ctx,35,-0.0314,-0.075,0.0105,5,12,18,0.1703,1.0,False,0.9987
retrieval_ablation,ndcg5,dense_original,bm25_docfirst,35,0.1922,0.0617,0.3289,19,11,5,0.0072,0.0936,False,0.1439
retrieval_ablation,ndcg5,dense_original,dense_docfirst,35,0.0205,-0.011,0.0631,2,2,31,0.499,1.0,False,0.9998
retrieval_ablation,ndcg5,bm25_ctx,dense_ctx,35,-0.0213,-0.1009,0.0545,11,17,7,0.6079,1.0,False,0.9998
retrieval_ablation,ndcg5,bm25_ctx,bm25_docfirst,35,0.2024,0.0926,0.3217,15,6,14,0.0011,0.0165,False,0.1067
retrieval_ablation,ndcg5,bm25_ctx,dense_docfirst,35,0.0307,-0.0544,0.1155,17,12,6,0.4932,1.0,False,0.9988
retrieval_ablation,ndcg5,dense_ctx,bm25_docfirst,35,0.2236,0.0881,0.3626,21,8,6,0.0024,0.0336,False,0.0535
retrieval_ablation,ndcg5,dense_ctx,dense_docfirst,35,0.0519,-0.0028,0.1099,14,6,15,0.0831,0.7478,False,0.9858
retrieval_ablation,ndcg5,bm25_docfirst,dense_docfirst,35,-0.1717,-0.3122,-0.0336,11,19,5,0.0217,0.2233,False,0.247
retrieval_ablation,recall5,bm25_original,dense_original,35,-0.1181,-0.2029,-0.039,3,11,21,0.0088,0.0792,False,0.6954
retrieval_ablation,recall5,bm25_original,bm25_ctx,35,-0.0486,-0.1029,-0.0029,1,5,29,0.1279,0.5115,False,0.9911
retrieval_ablation,recall5,bm25_original,dense_ctx,35,-0.1386,-0.2233,-0.059,2,12,21,0.0021,0.0231,False,0.5313
retrieval_ablation,recall5,bm25_original,bm25_docfirst,35,0.159,0.0571,0.271,10,2,23,0.006,0.06,False,0.3721
retrieval_ablation,recall5,bm25_original,dense_docfirst,35,-0.0838,-0.1681,-0.0005,4,10,21,0.0691,0.3792,False,0.9074
retrieval_ablation,recall5,dense_original,bm25_ctx,35,0.0695,0.0029,0.14,8,3,24,0.0632,0.3792,False,0.9566
retrieval_ablation,recall5,dense_original,dense_ctx,35,-0.0205,-0.0538,0.0076,1,3,31,0.2542,0.737,False,0.9999
retrieval_ablation,recall5,dense_original,bm25_docfirst,35,0.2771,0.1486,0.4095,16,2,17,0.0001,0.0015,True,0.0102
retrieval_ablation,recall5,dense_original,dense_docfirst,35,0.0343,0.0,0.0771,3,0,32,0.2457,0.737,False,0.9983
retrieval_ablation,recall5,bm25_ctx,dense_ctx,35,-0.09,-0.1638,-0.0219,2,9,24,0.0212,0.1696,False,0.8784
retrieval_ablation,recall5,bm25_ctx,bm25_docfirst,35,0.2076,0.0943,0.329,13,2,20,0.0007,0.0091,True,0.1143
retrieval_ablation,recall5,bm25_ctx,dense_docfirst,35,-0.0352,-0.1024,0.0314,4,7,24,0.3402,0.737,False,0.998
retrieval_ablation,recall5,dense_ctx,bm25_docfirst,35,0.2976,0.1652,0.4338,17,2,16,0.0001,0.0015,True,0.0043
retrieval_ablation,recall5,dense_ctx,dense_docfirst,35,0.0548,0.011,0.1067,6,1,28,0.049,0.343,False,0.9847
retrieval_ablation,recall5,bm25_docfirst,dense_docfirst,35,-0.2429,-0.3838,-0.1081,3,14,18,0.0013,0.0156,False,0.037
retrieval_ablation,hit5,bm25_original,dense_original,35,-0.0857,-0.2,0.0,0,3,32,0.2528,1.0,False,0.8646
retrieval_ablation,hit5,bm25_original,bm25_ctx,35,-0.0571,-0.1714,0.0571,1,3,31,0.6282,1.0,False,0.9739
retrieval_ablation,hit5,bm25_original,dense_ctx,35,-0.0857,-0.2,0.0,0,3,32,0.2528,1.0,False,0.8646
retrieval_ablation,hit5,bm25_original,bm25_docfirst,35,0.1714,0.0286,0.3143,7,1,27,0.0729,0.8018,False,0.2082
retrieval_ablation,hit5,bm25_original,dense_docfirst,35,-0.0857,-0.2,0.0,0,3,32,0.2528,1.0,False,0.8646
retrieval_ablation,hit5,dense_original,bm25_ctx,35,0.0286,0.0,0.0857,1,0,34,1.0,1.0,False,0.999
retrieval_ablation,hit5,dense_original,dense_ctx,35,0.0,0.0,0.0,0,0,35,1.0,1.0,False,1.0
retrieval_ablation,hit5,dense_original,bm25_docfirst,35,0.2571,0.1143,0.4,9,0,26,0.0035,0.0525,False,0.0098
retrieval_ablation,hit5,dense_original,dense_docfirst,35,0.0,0.0,0.0,0,0,35,1.0,1.0,False,1.0
retrieval_ablation,hit5,bm25_ctx,dense_ctx,35,-0.0286,-0.0857,0.0,0,1,34,1.0,1.0,False,0.999
retrieval_ablation,hit5,bm25_ctx,bm25_docfirst,35,0.2286,0.0571,0.4,9,1,25,0.0212,0.2544,False,0.0319
retrieval_ablation,hit5,bm25_ctx,dense_docfirst,35,-0.0286,-0.0857,0.0,0,1,34,1.0,1.0,False,0.999
retrieval_ablation,hit5,dense_ctx,bm25_docfirst,35,0.2571,0.1143,0.4,9,0,26,0.0035,0.0525,False,0.0098
retrieval_ablation,hit5,dense_ctx,dense_docfirst,35,0.0,0.0,0.0,0,0,35,1.0,1.0,False,1.0
retrieval_ablation,hit5,bm25_docfirst,dense_docfirst,35,-0.2571,-0.4,-0.1143,0,9,26,0.0035,0.0525,False,0.0098
retrieval_ablation,mrr,bm25_original,dense_original,35,0.0024,-0.1262,0.1238,7,7,21,1.0,1.0,False,1.0
retrieval_ablation,mrr,bm25_original,bm25_ctx,35,-0.0833,-0.1643,-0.0167,1,6,28,0.0281,0.3934,False,0.9279
retrieval_ablation,mrr,bm25_original,dense_ctx,35,0.0024,-0.1143,0.119,7,8,20,1.0,1.0,False,1.0
retrieval_ablation,mrr,bm25_original,bm25_docfirst,35,0.1571,0.0286,0.3,7,3,25,0.0409,0.5316,False,0.4531
retrieval_ablation,mrr,bm25_original,dense_docfirst,35,-0.0119,-0.1595,0.1286,8,7,20,0.923,1.0,False,1.0
retrieval_ablation,mrr,dense_original,bm25_ctx,35,-0.0857,-0.1929,0.0238,4,9,22,0.1462,1.0,False,0.9193
retrieval_ablation,mrr,dense_original,dense_ctx,35,0.0,-0.081,0.0833,4,6,25,1.0,1.0,False,1.0
retrieval_ablation,mrr,dense_original,bm25_docfirst,35,0.1548,-0.0024,0.3143,12,5,18,0.0731,0.8075,False,0.4708
retrieval_ablation,mrr,dense_original,dense_docfirst,35,-0.0143,-0.0714,0.0286,1,2,32,1.0,1.0,False,1.0
retrieval_ablation,mrr,bm25_ctx,dense_ctx,35,0.0857,-0.0095,0.1857,8,4,23,0.1107,1.0,False,0.9193
retrieval_ablation,mrr,bm25_ctx,bm25_docfirst,35,0.2405,0.1,0.3882,11,1,23,0.0022,0.033,False,0.0631
retrieval_ablation,mrr,bm25_ctx,dense_docfirst,35,0.0714,-0.0524,0.1881,9,4,22,0.2754,1.0,False,0.9619
retrieval_ablation,mrr,dense_ctx,bm25_docfirst,35,0.1548,-0.019,0.3333,12,7,16,0.1003,1.0,False,0.4708
retrieval_ablation,mrr,dense_ctx,dense_docfirst,35,-0.0143,-0.1119,0.081,7,6,22,0.8431,1.0,False,1.0
retrieval_ablation,mrr,bm25_docfirst,dense_docfirst,35,-0.169,-0.3381,0.0,6,13,16,0.0673,0.8075,False,0.3682
embedding_comparison,ndcg5,bge_small,nomic,35,-0.0108,-0.0916,0.0667,13,13,9,0.7909,0.7909,False,0.8793
embedding_comparison,recall5,bge_small,nomic,35,0.03,-0.0571,0.1214,7,4,24,0.5465,0.5465,False,0.6831
embedding_comparison,hit5,bge_small,nomic,35,-0.0286,-0.1143,0.0571,1,2,32,1.0,1.0,False,0.5618
embedding_comparison,mrr,bge_small,nomic,35,-0.0643,-0.1643,0.0262,5,7,23,0.2267,0.2267,False,0.3874
hybrid_rrf,ndcg5,bm25,dense,35,-0.0377,-0.1387,0.0539,15,13,7,0.4517,0.4517,False,0.8651
hybrid_rrf,ndcg5,bm25,hybrid_rrf,35,-0.0703,-0.1397,-0.0085,6,14,15,0.0403,0.1209,False,0.6052
hybrid_rrf,ndcg5,dense,hybrid_rrf,35,-0.0326,-0.0829,0.0155,11,15,9,0.212,0.424,False,0.8969
hybrid_rrf,recall5,bm25,dense,35,-0.1181,-0.2029,-0.039,3,11,21,0.0088,0.0176,False,0.28
hybrid_rrf,recall5,bm25,hybrid_rrf,35,-0.109,-0.1829,-0.0429,1,9,25,0.0032,0.0096,True,0.3369
hybrid_rrf,recall5,dense,hybrid_rrf,35,0.009,-0.029,0.05,3,2,30,0.755,0.755,False,0.9924
hybrid_rrf,hit5,bm25,dense,35,-0.0857,-0.2,0.0,0,3,32,0.2528,0.7583,False,0.4121
hybrid_rrf,hit5,bm25,hybrid_rrf,35,-0.0857,-0.2,0.0,0,3,32,0.2528,0.7583,False,0.4121
hybrid_rrf,hit5,dense,hybrid_rrf,35,0.0,0.0,0.0,0,0,35,1.0,1.0,False,1.0
hybrid_rrf,mrr,bm25,dense,35,0.0024,-0.1262,0.1238,7,7,21,1.0,1.0,False,0.9995
hybrid_rrf,mrr,bm25,hybrid_rrf,35,-0.05,-0.1333,0.031,2,6,27,0.2772,0.7085,False,0.8097
hybrid_rrf,mrr,dense,hybrid_rrf,35,-0.0524,-0.1357,0.0262,3,6,26,0.2362,0.7085,False,0.7932
rerank,ndcg5,bm25,dense,35,-0.0377,-0.1387,0.0539,15,13,7,0.4517,0.9033,False,0.9924
rerank,ndcg5,bm25,hybrid_rrf,35,-0.0703,-0.1397,-0.0085,6,14,15,0.0403,0.2015,False,0.8896
rerank,ndcg5,bm25,hybrid_ctx,35,-0.1274,-0.197,-0.0659,5,17,13,0.0003,0.0039,True,0.3737
rerank,ndcg5,bm25,hybrid_ctx+rerank_base,35,-0.1165,-0.2057,-0.0325,6,16,13,0.0135,0.0952,False,0.4776
rerank,ndcg5,bm25,hybrid_ctx+rerank_m3,35,-0.1877,-0.2874,-0.0981,6,20,9,0.0002,0.0028,True,0.0501
rerank,ndcg5,dense,hybrid_rrf,35,-0.0326,-0.0829,0.0155,11,15,9,0.212,0.6359,False,0.9961
rerank,ndcg5,dense,hybrid_ctx,35,-0.0897,-0.1482,-0.0307,7,19,9,0.0056,0.051,False,0.7423
rerank,ndcg5,dense,hybrid_ctx+rerank_base,35,-0.0788,-0.1444,-0.0142,6,19,10,0.0227,0.1362,False,0.8328
rerank,ndcg5,dense,hybrid_ctx+rerank_m3,35,-0.15,-0.2132,-0.0913,4,22,9,0.0001,0.0015,True,0.1993
rerank,ndcg5,hybrid_rrf,hybrid_ctx,35,-0.057,-0.0932,-0.0248,3,11,21,0.001,0.011,False,0.9523
rerank,ndcg5,hybrid_rrf,hybrid_ctx+rerank_base,35,-0.0461,-0.1079,0.0165,8,17,10,0.1573,0.6291,False,0.9809
rerank,ndcg5,hybrid_rrf,hybrid_ctx+rerank_m3,35,-0.1173,-0.1785,-0.0591,6,19,10,0.0005,0.006,True,0.4691
rerank,ndcg5,hybrid_ctx,hybrid_ctx+rerank_base,35,0.0109,-0.0374,0.0625,10,13,12,0.6776,0.9033,False,1.0
rerank,ndcg5,hybrid_ctx,hybrid_ctx+rerank_m3,35,-0.0603,-0.1083,-0.0161,7,16,12,0.0119,0.0952,False,0.9399
rerank,ndcg5,hybrid_ctx+rerank_base,hybrid_ctx+rerank_m3,35,-0.0712,-0.1234,-0.0249,8,13,14,0.0051,0.051,False,0.8845
rerank,recall5,bm25,dense,35,-0.1181,-0.2029,-0.039,3,11,21,0.0088,0.0747,False,0.5456
rerank,recall5,bm25,hybrid_rrf,35,-0.109,-0.1829,-0.0429,1,9,25,0.0032,0.0352,False,0.6306
rerank,recall5,bm25,hybrid_ctx,35,-0.1314,-0.2029,-0.0667,0,11,24,0.0009,0.0117,False,0.4228
rerank,recall5,bm25,hybrid_ctx+rerank_base,35,-0.16,-0.2486,-0.0829,0,12,23,0.0005,0.007,True,0.2078
rerank,recall5,bm25,hybrid_ctx+rerank_m3,35,-0.2048,-0.3014,-0.1186,0,15,20,0.0001,0.0015,True,0.045
rerank,recall5,dense,hybrid_rrf,35,0.009,-0.029,0.05,3,2,30,0.755,1.0,False,1.0
rerank,recall5,dense,hybrid_ctx,35,-0.0133,-0.0548,0.0319,2,4,29,0.5925,1.0,False,1.0
rerank,recall5,dense,hybrid_ctx+rerank_base,35,-0.0419,-0.0929,0.0057,2,6,27,0.1233,0.6164,False,0.9912
rerank,recall5,dense,hybrid_ctx+rerank_m3,35,-0.0867,-0.1438,-0.0343,0,8,27,0.007,0.07,False,0.8197
rerank,recall5,hybrid_rrf,hybrid_ctx,35,-0.0224,-0.05,0.0,0,3,32,0.2512,1.0,False,0.9996
rerank,recall5,hybrid_rrf,hybrid_ctx+rerank_base,35,-0.051,-0.1048,-0.001,1,6,28,0.09,0.5399,False,0.9786
rerank,recall5,hybrid_rrf,hybrid_ctx+rerank_m3,35,-0.0957,-0.1529,-0.0438,0,10,25,0.0015,0.018,False,0.7491
rerank,recall5,hybrid_ctx,hybrid_ctx+rerank_base,35,-0.0286,-0.0762,0.0143,1,3,31,0.3775,1.0,False,0.9986
rerank,recall5,hybrid_ctx,hybrid_ctx+rerank_m3,35,-0.0733,-0.1248,-0.0286,0,8,27,0.0083,0.0747,False,0.9023
rerank,recall5,hybrid_ctx+rerank_base,hybrid_ctx+rerank_m3,35,-0.0448,-0.0929,-0.0071,0,5,30,0.0599,0.4193,False,0.9881
rerank,hit5,bm25,dense,35,-0.0857,-0.2,0.0,0,3,32,0.2528,1.0,False,0.6348
rerank,hit5,bm25,hybrid_rrf,35,-0.0857,-0.2,0.0,0,3,32,0.2528,1.0,False,0.6348
rerank,hit5,bm25,hybrid_ctx,35,-0.1143,-0.2286,-0.0286,0,4,31,0.1246,1.0,False,0.3118
rerank,hit5,bm25,hybrid_ctx+rerank_base,35,-0.1143,-0.2286,-0.0286,0,4,31,0.1246,1.0,False,0.3118
rerank,hit5,bm25,hybrid_ctx+rerank_m3,35,-0.1143,-0.2286,-0.0286,0,4,31,0.1246,1.0,False,0.3118
rerank,hit5,dense,hybrid_rrf,35,0.0,0.0,0.0,0,0,35,1.0,1.0,False,1.0
rerank,hit5,dense,hybrid_ctx,35,-0.0286,-0.0857,0.0,0,1,34,1.0,1.0,False,0.9955
rerank,hit5,dense,hybrid_ctx+rerank_base,35,-0.0286,-0.0857,0.0,0,1,34,1.0,1.0,False,0.9955
rerank,hit5,dense,hybrid_ctx+rerank_m3,35,-0.0286,-0.0857,0.0,0,1,34,1.0,1.0,False,0.9955
rerank,hit5,hybrid_rrf,hybrid_ctx,35,-0.0286,-0.0857,0.0,0,1,34,1.0,1.0,False,0.9955
rerank,hit5,hybrid_rrf,hybrid_ctx+rerank_base,35,-0.0286,-0.0857,0.0,0,1,34,1.0,1.0,False,0.9955
rerank,hit5,hybrid_rrf,hybrid_ctx+rerank_m3,35,-0.0286,-0.0857,0.0,0,1,34,1.0,1.0,False,0.9955
rerank,hit5,hybrid_ctx,hybrid_ctx+rerank_base,35,0.0,0.0,0.0,0,0,35,1.0,1.0,False,1.0
rerank,hit5,hybrid_ctx,hybrid_ctx+rerank_m3,35,0.0,0.0,0.0,0,0,35,1.0,1.0,False,1.0
rerank,hit5,hybrid_ctx+rerank_base,hybrid_ctx+rerank_m3,35,0.0,0.0,0.0,0,0,35,1.0,1.0,False,1.0
rerank,mrr,bm25,dense,35,0.0024,-0.1262,0.1238,7,7,21,1.0,1.0,False,1.0
rerank,mrr,bm25,hybrid_rrf,35,-0.05,-0.1333,0.031,2,6,27,0.2772,1.0,False,0.9789
rerank,mrr,bm25,hybrid_ctx,35,-0.131,-0.219,-0.0548,0,9,26,0.0037,0.0518,False,0.4082
rerank,mrr,bm25,hybrid_ctx+rerank_base,35,-0.0976,-0.2214,0.0214,4,8,23,0.1595,1.0,False,0.7194
rerank,mrr,bm25,hybrid_ctx+rerank_m3,35,-0.1833,-0.3143,-0.0643,1,9,25,0.0093,0.1157,False,0.0896
rerank,mrr,dense,hybrid_rrf,35,-0.0524,-0.1357,0.0262,3,6,26,0.2362,1.0,False,0.9741
rerank,mrr,dense,hybrid_ctx,35,-0.1333,-0.2238,-0.0452,2,10,23,0.0089,0.1157,False,0.3873
rerank,mrr,dense,hybrid_ctx+rerank_base,35,-0.1,-0.2071,0.0,3,9,23,0.1015,0.8119,False,0.6982
rerank,mrr,dense,hybrid_ctx+rerank_m3,35,-0.1857,-0.2929,-0.0857,1,12,22,0.0024,0.036,False,0.0822
rerank,mrr,hybrid_rrf,hybrid_ctx,35,-0.081,-0.1476,-0.019,1,6,28,0.033,0.297,False,0.85
rerank,mrr,hybrid_rrf,hybrid_ctx+rerank_base,35,-0.0476,-0.1524,0.0524,4,6,25,0.4724,1.0,False,0.983
rerank,mrr,hybrid_rrf,hybrid_ctx+rerank_m3,35,-0.1333,-0.2286,-0.0429,1,9,25,0.0186,0.2046,False,0.3873
rerank,mrr,hybrid_ctx,hybrid_ctx+rerank_base,35,0.0333,-0.0429,0.1143,5,3,27,0.4542,1.0,False,0.9967
rerank,mrr,hybrid_ctx,hybrid_ctx+rerank_m3,35,-0.0524,-0.1238,0.0143,1,4,30,0.2488,1.0,False,0.9741
rerank,mrr,hybrid_ctx+rerank_base,hybrid_ctx+rerank_m3,35,-0.0857,-0.1571,-0.0286,0,6,29,0.0294,0.294,False,0.8165
