metric,group1,group2,n,diff,diff_ci95_lo,diff_ci95_hi,wins,losses,ties,p,p_holm,significant
ndcg5,bm25,dense,35,-0.0377,-0.1387,0.0539,15,13,7,0.4517,0.9033,False
ndcg5,bm25,hybrid_rrf,35,-0.0703,-0.1397,-0.0085,6,14,15,0.0403,0.2015,False
ndcg5,bm25,hybrid_ctx,35,-0.1274,-0.197,-0.0659,5,17,13,0.0003,0.0039,True
ndcg5,bm25,hybrid_ctx+rerank_base,35,-0.1165,-0.2057,-0.0325,6,16,13,0.0135,0.0952,False
ndcg5,bm25,hybrid_ctx+rerank_m3,35,-0.1877,-0.2874,-0.0981,6,20,9,0.0002,0.0028,True
ndcg5,dense,hybrid_rrf,35,-0.0326,-0.0829,0.0155,11,15,9,0.212,0.6359,False
ndcg5,dense,hybrid_ctx,35,-0.0897,-0.1482,-0.0307,7,19,9,0.0056,0.051,False
ndcg5,dense,hybrid_ctx+rerank_base,35,-0.0788,-0.1444,-0.0142,6,19,10,0.0227,0.1362,False
ndcg5,dense,hybrid_ctx+rerank_m3,35,-0.15,-0.2132,-0.0913,4,22,9,0.0001,0.0015,True
ndcg5,hybrid_rrf,hybrid_ctx,35,-0.057,-0.0932,-0.0248,3,11,21,0.001,0.011,False
ndcg5,hybrid_rrf,hybrid_ctx+rerank_base,35,-0.0461,-0.1079,0.0165,8,17,10,0.1573,0.6291,False
ndcg5,hybrid_rrf,hybrid_ctx+rerank_m3,35,-0.1173,-0.1785,-0.0591,6,19,10,0.0005,0.006,True
ndcg5,hybrid_ctx,hybrid_ctx+rerank_base,35,0.0109,-0.0374,0.0625,10,13,12,0.6776,0.9033,False
ndcg5,hybrid_ctx,hybrid_ctx+rerank_m3,35,-0.0603,-0.1083,-0.0161,7,16,12,0.0119,0.0952,False
ndcg5,hybrid_ctx+rerank_base,hybrid_ctx+rerank_m3,35,-0.0712,-0.1234,-0.0249,8,13,14,0.0051,0.051,False
recall5,bm25,dense,35,-0.1181,-0.2029,-0.039,3,11,21,0.0088,0.0747,False
recall5,bm25,hybrid_rrf,35,-0.109,-0.1829,-0.0429,1,9,25,0.0032,0.0352,False
recall5,bm25,hybrid_ctx,35,-0.1314,-0.2029,-0.0667,0,11,24,0.0009,0.0117,False
recall5,bm25,hybrid_ctx+rerank_base,35,-0.16,-0.2486,-0.0829,0,12,23,0.0005,0.007,True
recall5,bm25,hybrid_ctx+rerank_m3,35,-0.2048,-0.3014,-0.1186,0,15,20,0.0001,0.0015,True
recall5,dense,hybrid_rrf,35,0.009,-0.029,0.05,3,2,30,0.755,1.0,False
recall5,dense,hybrid_ctx,35,-0.0133,-0.0548,0.0319,2,4,29,0.5925,1.0,False
recall5,dense,hybrid_ctx+rerank_base,35,-0.0419,-0.0929,0.0057,2,6,27,0.1233,0.6164,False
recall5,dense,hybrid_ctx+rerank_m3,35,-0.0867,-0.1438,-0.0343,0,8,27,0.007,0.07,False
recall5,hybrid_rrf,hybrid_ctx,35,-0.0224,-0.05,0.0,0,3,32,0.2512,1.0,False
recall5,hybrid_rrf,hybrid_ctx+rerank_base,35,-0.051,-0.1048,-0.001,1,6,28,0.09,0.5399,False
recall5,hybrid_rrf,hybrid_ctx+rerank_m3,35,-0.0957,-0.1529,-0.0438,0,10,25,0.0015,0.018,False
recall5,hybrid_ctx,hybrid_ctx+rerank_base,35,-0.0286,-0.0762,0.0143,1,3,31,0.3775,1.0,False
recall5,hybrid_ctx,hybrid_ctx+rerank_m3,35,-0.0733,-0.1248,-0.0286,0,8,27,0.0083,0.0747,False
recall5,hybrid_ctx+rerank_base,hybrid_ctx+rerank_m3,35,-0.0448,-0.0929,-0.0071,0,5,30,0.0599,0.4193,False
hit5,bm25,dense,35,-0.0857,-0.2,0.0,0,3,32,0.2528,1.0,False
hit5,bm25,hybrid_rrf,35,-0.0857,-0.2,0.0,0,3,32,0.2528,1.0,False
hit5,bm25,hybrid_ctx,35,-0.1143,-0.2286,-0.0286,0,4,31,0.1246,1.0,False
hit5,bm25,hybrid_ctx+rerank_base,35,-0.1143,-0.2286,-0.0286,0,4,31,0.1246,1.0,False
hit5,bm25,hybrid_ctx+rerank_m3,35,-0.1143,-0.2286,-0.0286,0,4,31,0.1246,1.0,False
hit5,dense,hybrid_rrf,35,0.0,0.0,0.0,0,0,35,1.0,1.0,False
hit5,dense,hybrid_ctx,35,-0.0286,-0.0857,0.0,0,1,34,1.0,1.0,False
hit5,dense,hybrid_ctx+rerank_base,35,-0.0286,-0.0857,0.0,0,1,34,1.0,1.0,False
hit5,dense,hybrid_ctx+rerank_m3,35,-0.0286,-0.0857,0.0,0,1,34,1.0,1.0,False
hit5,hybrid_rrf,hybrid_ctx,35,-0.0286,-0.0857,0.0,0,1,34,1.0,1.0,False
hit5,hybrid_rrf,hybrid_ctx+rerank_base,35,-0.0286,-0.0857,0.0,0,1,34,1.0,1.0,False
hit5,hybrid_rrf,hybrid_ctx+rerank_m3,35,-0.0286,-0.0857,0.0,0,1,34,1.0,1.0,False
hit5,hybrid_ctx,hybrid_ctx+rerank_base,35,0.0,0.0,0.0,0,0,35,1.0,1.0,False
hit5,hybrid_ctx,hybrid_ctx+rerank_m3,35,0.0,0.0,0.0,0,0,35,1.0,1.0,False
hit5,hybrid_ctx+rerank_base,hybrid_ctx+rerank_m3,35,0.0,0.0,0.0,0,0,35,1.0,1.0,False
mrr,bm25,dense,35,0.0024,-0.1262,0.1238,7,7,21,1.0,1.0,False
mrr,bm25,hybrid_rrf,35,-0.05,-0.1333,0.031,2,6,27,0.2772,1.0,False
mrr,bm25,hybrid_ctx,35,-0.131,-0.219,-0.0548,0,9,26,0.0037,0.0518,False
mrr,bm25,hybrid_ctx+rerank_base,35,-0.0976,-0.2214,0.0214,4,8,23,0.1595,1.0,False
mrr,bm25,hybrid_ctx+rerank_m3,35,-0.1833,-0.3143,-0.0643,1,9,25,0.0093,0.1157,False
mrr,dense,hybrid_rrf,35,-0.0524,-0.1357,0.0262,3,6,26,0.2362,1.0,False
mrr,dense,hybrid_ctx,35,-0.1333,-0.2238,-0.0452,2,10,23,0.0089,0.1157,False
mrr,dense,hybrid_ctx+rerank_base,35,-0.1,-0.2071,0.0,3,9,23,0.1015,0.8119,False
mrr,dense,hybrid_ctx+rerank_m3,35,-0.1857,-0.2929,-0.0857,1,12,22,0.0024,0.036,False
mrr,hybrid_rrf,hybrid_ctx,35,-0.081,-0.1476,-0.019,1,6,28,0.033,0.297,False
mrr,hybrid_rrf,hybrid_ctx+rerank_base,35,-0.0476,-0.1524,0.0524,4,6,25,0.4724,1.0,False
mrr,hybrid_rrf,hybrid_ctx+rerank_m3,35,-0.1333,-0.2286,-0.0429,1,9,25,0.0186,0.2046,False
mrr,hybrid_ctx,hybrid_ctx+rerank_base,35,0.0333,-0.0429,0.1143,5,3,27,0.4542,1.0,False
mrr,hybrid_ctx,hybrid_ctx+rerank_m3,35,-0.0524,-0.1238,0.0143,1,4,30,0.2488,1.0,False
mrr,hybrid_ctx+rerank_base,hybrid_ctx+rerank_m3,35,-0.0857,-0.1571,-0.0286,0,6,29,0.0294,0.294,False
