config,question_id,question_type,top1_score
bm25,T01Q01,known,15.779003
dense,T01Q01,known,0.777693
hybrid_rrf,T01Q01,known,0.032522
hybrid_ctx,T01Q01,known,0.032266
hybrid_ctx+rerank_base,T01Q01,known,0.968347
hybrid_ctx+rerank_m3,T01Q01,known,0.954718
bm25,T02Q01,known,9.431196
dense,T02Q01,known,0.695841
hybrid_rrf,T02Q01,known,0.032266
hybrid_ctx,T02Q01,known,0.032787
hybrid_ctx+rerank_base,T02Q01,known,0.317527
hybrid_ctx+rerank_m3,T02Q01,known,0.120798
bm25,T03Q01,known,16.813656
dense,T03Q01,known,0.808308
hybrid_rrf,T03Q01,known,0.032787
hybrid_ctx,T03Q01,known,0.032522
hybrid_ctx+rerank_base,T03Q01,known,0.682122
hybrid_ctx+rerank_m3,T03Q01,known,0.381096
bm25,T04Q01,known,24.672767
dense,T04Q01,known,0.860677
hybrid_rrf,T04Q01,known,0.032787
hybrid_ctx,T04Q01,known,0.032787
hybrid_ctx+rerank_base,T04Q01,known,0.9991
hybrid_ctx+rerank_m3,T04Q01,known,0.993282
bm25,T04Q02,known,10.298907
dense,T04Q02,known,0.751136
hybrid_rrf,T04Q02,known,0.032787
hybrid_ctx,T04Q02,known,0.032787
hybrid_ctx+rerank_base,T04Q02,known,0.798328
hybrid_ctx+rerank_m3,T04Q02,known,0.585562
bm25,T05Q01,inferred,8.621902
dense,T05Q01,inferred,0.698558
hybrid_rrf,T05Q01,inferred,0.030478
hybrid_ctx,T05Q01,inferred,0.032002
hybrid_ctx+rerank_base,T05Q01,inferred,0.007164
hybrid_ctx+rerank_m3,T05Q01,inferred,0.002626
bm25,T06Q01,out_of_kb,8.415278
dense,T06Q01,out_of_kb,0.745509
hybrid_rrf,T06Q01,out_of_kb,0.032522
hybrid_ctx,T06Q01,out_of_kb,0.032522
hybrid_ctx+rerank_base,T06Q01,out_of_kb,0.064285
hybrid_ctx+rerank_m3,T06Q01,out_of_kb,0.009193
bm25,T07Q01,out_of_kb,9.10107
dense,T07Q01,out_of_kb,0.758286
hybrid_rrf,T07Q01,out_of_kb,0.032266
hybrid_ctx,T07Q01,out_of_kb,0.032266
hybrid_ctx+rerank_base,T07Q01,out_of_kb,0.767219
hybrid_ctx+rerank_m3,T07Q01,out_of_kb,0.250982
bm25,T08Q01,known,9.441923
dense,T08Q01,known,0.763272
hybrid_rrf,T08Q01,known,0.032787
hybrid_ctx,T08Q01,known,0.032522
hybrid_ctx+rerank_base,T08Q01,known,0.111841
hybrid_ctx+rerank_m3,T08Q01,known,0.558761
bm25,T09Q01,known,15.559047
dense,T09Q01,known,0.777419
hybrid_rrf,T09Q01,known,0.032266
hybrid_ctx,T09Q01,known,0.032266
hybrid_ctx+rerank_base,T09Q01,known,0.995014
hybrid_ctx+rerank_m3,T09Q01,known,0.969586
bm25,T10Q01,known,11.923846
dense,T10Q01,known,0.835753
hybrid_rrf,T10Q01,known,0.032266
hybrid_ctx,T10Q01,known,0.032266
hybrid_ctx+rerank_base,T10Q01,known,0.931813
hybrid_ctx+rerank_m3,T10Q01,known,0.961746
bm25,T11Q01,known,9.449967
dense,T11Q01,known,0.774229
hybrid_rrf,T11Q01,known,0.032522
hybrid_ctx,T11Q01,known,0.032787
hybrid_ctx+rerank_base,T11Q01,known,0.33612
hybrid_ctx+rerank_m3,T11Q01,known,0.654089
bm25,T11Q02,known,9.398396
dense,T11Q02,known,0.756725
hybrid_rrf,T11Q02,known,0.032522
hybrid_ctx,T11Q02,known,0.032787
hybrid_ctx+rerank_base,T11Q02,known,0.325427
hybrid_ctx+rerank_m3,T11Q02,known,0.545955
bm25,T12Q01,inferred,21.130152
dense,T12Q01,inferred,0.805835
hybrid_rrf,T12Q01,inferred,0.032522
hybrid_ctx,T12Q01,inferred,0.032787
hybrid_ctx+rerank_base,T12Q01,inferred,0.97363
hybrid_ctx+rerank_m3,T12Q01,inferred,0.842337
bm25,T13Q01,out_of_kb,7.887997
dense,T13Q01,out_of_kb,0.613563
hybrid_rrf,T13Q01,out_of_kb,0.029462
hybrid_ctx,T13Q01,out_of_kb,0.030018
hybrid_ctx+rerank_base,T13Q01,out_of_kb,0.009207
hybrid_ctx+rerank_m3,T13Q01,out_of_kb,0.00209
bm25,T14Q01,out_of_kb,8.356583
dense,T14Q01,out_of_kb,0.669646
hybrid_rrf,T14Q01,out_of_kb,0.031754
hybrid_ctx,T14Q01,out_of_kb,0.031498
hybrid_ctx+rerank_base,T14Q01,out_of_kb,0.046414
hybrid_ctx+rerank_m3,T14Q01,out_of_kb,0.005638
bm25,T15Q01,known,9.902774
dense,T15Q01,known,0.732811
hybrid_rrf,T15Q01,known,0.032258
hybrid_ctx,T15Q01,known,0.032266
hybrid_ctx+rerank_base,T15Q01,known,0.747427
hybrid_ctx+rerank_m3,T15Q01,known,0.431685
bm25,T16Q01,known,11.796712
dense,T16Q01,known,0.757024
hybrid_rrf,T16Q01,known,0.032787
hybrid_ctx,T16Q01,known,0.032787
hybrid_ctx+rerank_base,T16Q01,known,0.903946
hybrid_ctx+rerank_m3,T16Q01,known,0.966469
bm25,T17Q01,known,12.232932
dense,T17Q01,known,0.738645
hybrid_rrf,T17Q01,known,0.032018
hybrid_ctx,T17Q01,known,0.032266
hybrid_ctx+rerank_base,T17Q01,known,0.337143
hybrid_ctx+rerank_m3,T17Q01,known,0.196249
bm25,T18Q01,known,17.916918
dense,T18Q01,known,0.80969
hybrid_rrf,T18Q01,known,0.032258
hybrid_ctx,T18Q01,known,0.032266
hybrid_ctx+rerank_base,T18Q01,known,0.807161
hybrid_ctx+rerank_m3,T18Q01,known,0.800403
bm25,T18Q02,known,11.874788
dense,T18Q02,known,0.69458
hybrid_rrf,T18Q02,known,0.031545
hybrid_ctx,T18Q02,known,0.032522
hybrid_ctx+rerank_base,T18Q02,known,0.344971
hybrid_ctx+rerank_m3,T18Q02,known,0.776921
bm25,T19Q01,inferred,18.301377
dense,T19Q01,inferred,0.797978
hybrid_rrf,T19Q01,inferred,0.032266
hybrid_ctx,T19Q01,inferred,0.032787
hybrid_ctx+rerank_base,T19Q01,inferred,0.451371
hybrid_ctx+rerank_m3,T19Q01,inferred,0.459234
bm25,T20Q01,out_of_kb,14.529929
dense,T20Q01,out_of_kb,0.742761
hybrid_rrf,T20Q01,out_of_kb,0.032018
hybrid_ctx,T20Q01,out_of_kb,0.031778
hybrid_ctx+rerank_base,T20Q01,out_of_kb,0.007331
hybrid_ctx+rerank_m3,T20Q01,out_of_kb,0.008399
bm25,T21Q01,out_of_kb,9.036566
dense,T21Q01,out_of_kb,0.715778
hybrid_rrf,T21Q01,out_of_kb,0.030835
hybrid_ctx,T21Q01,out_of_kb,0.03101
hybrid_ctx+rerank_base,T21Q01,out_of_kb,0.014088
hybrid_ctx+rerank_m3,T21Q01,out_of_kb,0.001447
bm25,T22Q01,known,15.147637
dense,T22Q01,known,0.81036
hybrid_rrf,T22Q01,known,0.032522
hybrid_ctx,T22Q01,known,0.032018
hybrid_ctx+rerank_base,T22Q01,known,0.989363
hybrid_ctx+rerank_m3,T22Q01,known,0.995577
bm25,T23Q01,known,19.211036
dense,T23Q01,known,0.762738
hybrid_rrf,T23Q01,known,0.032266
hybrid_ctx,T23Q01,known,0.032266
hybrid_ctx+rerank_base,T23Q01,known,0.126276
hybrid_ctx+rerank_m3,T23Q01,known,0.849413
bm25,T24Q01,known,15.54381
dense,T24Q01,known,0.782105
hybrid_rrf,T24Q01,known,0.031754
hybrid_ctx,T24Q01,known,0.032018
hybrid_ctx+rerank_base,T24Q01,known,0.991012
hybrid_ctx+rerank_m3,T24Q01,known,0.959272
bm25,T25Q01,known,29.369154
dense,T25Q01,known,0.829432
hybrid_rrf,T25Q01,known,0.032787
hybrid_ctx,T25Q01,known,0.032787
hybrid_ctx+rerank_base,T25Q01,known,0.979273
hybrid_ctx+rerank_m3,T25Q01,known,0.985653
bm25,T25Q02,known,6.08044
dense,T25Q02,known,0.696372
hybrid_rrf,T25Q02,known,0.032266
hybrid_ctx,T25Q02,known,0.032018
hybrid_ctx+rerank_base,T25Q02,known,0.01188
hybrid_ctx+rerank_m3,T25Q02,known,0.002643
bm25,T26Q01,inferred,20.757573
dense,T26Q01,inferred,0.747092
hybrid_rrf,T26Q01,inferred,0.032522
hybrid_ctx,T26Q01,inferred,0.032266
hybrid_ctx+rerank_base,T26Q01,inferred,0.608736
hybrid_ctx+rerank_m3,T26Q01,inferred,0.464588
bm25,T27Q01,out_of_kb,10.478074
dense,T27Q01,out_of_kb,0.644794
hybrid_rrf,T27Q01,out_of_kb,0.031778
hybrid_ctx,T27Q01,out_of_kb,0.032787
hybrid_ctx+rerank_base,T27Q01,out_of_kb,0.016098
hybrid_ctx+rerank_m3,T27Q01,out_of_kb,0.000861
bm25,T28Q01,out_of_kb,8.780738
dense,T28Q01,out_of_kb,0.664216
hybrid_rrf,T28Q01,out_of_kb,0.030415
hybrid_ctx,T28Q01,out_of_kb,0.031319
hybrid_ctx+rerank_base,T28Q01,out_of_kb,0.020105
hybrid_ctx+rerank_m3,T28Q01,out_of_kb,0.003064
bm25,T29Q01,known,10.215261
dense,T29Q01,known,0.793387
hybrid_rrf,T29Q01,known,0.032522
hybrid_ctx,T29Q01,known,0.032522
hybrid_ctx+rerank_base,T29Q01,known,0.952689
hybrid_ctx+rerank_m3,T29Q01,known,0.855574
bm25,T30Q01,known,18.979014
dense,T30Q01,known,0.814648
hybrid_rrf,T30Q01,known,0.032787
hybrid_ctx,T30Q01,known,0.032787
hybrid_ctx+rerank_base,T30Q01,known,0.97904
hybrid_ctx+rerank_m3,T30Q01,known,0.967339
bm25,T30Q02,known,16.77292
dense,T30Q02,known,0.88418
hybrid_rrf,T30Q02,known,0.032787
hybrid_ctx,T30Q02,known,0.032787
hybrid_ctx+rerank_base,T30Q02,known,0.997178
hybrid_ctx+rerank_m3,T30Q02,known,0.980592
bm25,T31Q01,inferred,31.522724
dense,T31Q01,inferred,0.828583
hybrid_rrf,T31Q01,inferred,0.032787
hybrid_ctx,T31Q01,inferred,0.032787
hybrid_ctx+rerank_base,T31Q01,inferred,0.969991
hybrid_ctx+rerank_m3,T31Q01,inferred,0.908083
bm25,T32Q01,out_of_kb,13.539051
dense,T32Q01,out_of_kb,0.757901
hybrid_rrf,T32Q01,out_of_kb,0.032787
hybrid_ctx,T32Q01,out_of_kb,0.032522
hybrid_ctx+rerank_base,T32Q01,out_of_kb,0.015836
hybrid_ctx+rerank_m3,T32Q01,out_of_kb,0.020168
bm25,T33Q01,out_of_kb,8.906149
dense,T33Q01,out_of_kb,0.690531
hybrid_rrf,T33Q01,out_of_kb,0.032522
hybrid_ctx,T33Q01,out_of_kb,0.030886
hybrid_ctx+rerank_base,T33Q01,out_of_kb,0.020644
hybrid_ctx+rerank_m3,T33Q01,out_of_kb,0.003108
bm25,T34Q01,out_of_kb,7.849881
dense,T34Q01,out_of_kb,0.646873
hybrid_rrf,T34Q01,out_of_kb,0.032002
hybrid_ctx,T34Q01,out_of_kb,0.030622
hybrid_ctx+rerank_base,T34Q01,out_of_kb,0.000288
hybrid_ctx+rerank_m3,T34Q01,out_of_kb,0.000158
bm25,T35Q01,known,11.05328
dense,T35Q01,known,0.784075
hybrid_rrf,T35Q01,known,0.032787
hybrid_ctx,T35Q01,known,0.032787
hybrid_ctx+rerank_base,T35Q01,known,0.99409
hybrid_ctx+rerank_m3,T35Q01,known,0.956852
bm25,T36Q01,known,18.79603
dense,T36Q01,known,0.769571
hybrid_rrf,T36Q01,known,0.032266
hybrid_ctx,T36Q01,known,0.032787
hybrid_ctx+rerank_base,T36Q01,known,0.78612
hybrid_ctx+rerank_m3,T36Q01,known,0.602741
bm25,T37Q01,known,12.763972
dense,T37Q01,known,0.765977
hybrid_rrf,T37Q01,known,0.032787
hybrid_ctx,T37Q01,known,0.032787
hybrid_ctx+rerank_base,T37Q01,known,0.242877
hybrid_ctx+rerank_m3,T37Q01,known,0.482828
bm25,T38Q01,known,17.959665
dense,T38Q01,known,0.802366
hybrid_rrf,T38Q01,known,0.032787
hybrid_ctx,T38Q01,known,0.032787
hybrid_ctx+rerank_base,T38Q01,known,0.656033
hybrid_ctx+rerank_m3,T38Q01,known,0.503309
bm25,T39Q01,known,31.943252
dense,T39Q01,known,0.829555
hybrid_rrf,T39Q01,known,0.032787
hybrid_ctx,T39Q01,known,0.032787
hybrid_ctx+rerank_base,T39Q01,known,0.996866
hybrid_ctx+rerank_m3,T39Q01,known,0.985143
bm25,T39Q02,known,19.680042
dense,T39Q02,known,0.806726
hybrid_rrf,T39Q02,known,0.032787
hybrid_ctx,T39Q02,known,0.032787
hybrid_ctx+rerank_base,T39Q02,known,0.938865
hybrid_ctx+rerank_m3,T39Q02,known,0.896668
bm25,T40Q01,inferred,12.843645
dense,T40Q01,inferred,0.745362
hybrid_rrf,T40Q01,inferred,0.032266
hybrid_ctx,T40Q01,inferred,0.032787
hybrid_ctx+rerank_base,T40Q01,inferred,0.157157
hybrid_ctx+rerank_m3,T40Q01,inferred,0.094934
bm25,T41Q01,out_of_kb,13.099149
dense,T41Q01,out_of_kb,0.743273
hybrid_rrf,T41Q01,out_of_kb,0.032787
hybrid_ctx,T41Q01,out_of_kb,0.032787
hybrid_ctx+rerank_base,T41Q01,out_of_kb,0.054353
hybrid_ctx+rerank_m3,T41Q01,out_of_kb,0.008563
bm25,T42Q01,out_of_kb,16.411069
dense,T42Q01,out_of_kb,0.750256
hybrid_rrf,T42Q01,out_of_kb,0.032018
hybrid_ctx,T42Q01,out_of_kb,0.032258
hybrid_ctx+rerank_base,T42Q01,out_of_kb,0.138429
hybrid_ctx+rerank_m3,T42Q01,out_of_kb,0.021004
