config,threshold,auc,correct_refusal,correct_refusal_ci95,over_refusal
bm25,AUC,0.8044,,,
dense,AUC,0.8835,,,
hybrid_rrf,AUC,0.7418,,,
hybrid_ctx,AUC,0.8,,,
hybrid_ctx+rerank_base,AUC,0.9165,,,
hybrid_ctx+rerank_base,0.05,0.9165,0.6923,"[0.42,0.87]",0.0571
hybrid_ctx+rerank_base,0.1,0.9165,0.8462,"[0.58,0.96]",0.0571
hybrid_ctx+rerank_base,0.15,0.9165,0.9231,"[0.67,0.99]",0.1143
hybrid_ctx+rerank_base,0.2,0.9165,0.9231,"[0.67,0.99]",0.1429
hybrid_ctx+rerank_base,0.25,0.9165,0.9231,"[0.67,0.99]",0.1714
hybrid_ctx+rerank_base,0.3,0.9165,0.9231,"[0.67,0.99]",0.1714
hybrid_ctx+rerank_base,0.35,0.9165,0.9231,"[0.67,0.99]",0.3143
hybrid_ctx+rerank_base,0.4,0.9165,0.9231,"[0.67,0.99]",0.3143
hybrid_ctx+rerank_base,0.45,0.9165,0.9231,"[0.67,0.99]",0.3143
hybrid_ctx+rerank_base,0.5,0.9165,0.9231,"[0.67,0.99]",0.3429
hybrid_ctx+rerank_base,0.55,0.9165,0.9231,"[0.67,0.99]",0.3429
hybrid_ctx+rerank_base,0.6,0.9165,0.9231,"[0.67,0.99]",0.3429
hybrid_ctx+rerank_base,0.65,0.9165,0.9231,"[0.67,0.99]",0.3714
hybrid_ctx+rerank_base,0.7,0.9165,0.9231,"[0.67,0.99]",0.4286
hybrid_ctx+rerank_base,0.75,0.9165,0.9231,"[0.67,0.99]",0.4571
hybrid_ctx+rerank_base,0.8,0.9165,1.0,"[0.77,1.00]",0.5143
hybrid_ctx+rerank_base,0.85,0.9165,1.0,"[0.77,1.00]",0.5429
hybrid_ctx+rerank_base,0.9,0.9165,1.0,"[0.77,1.00]",0.5429
hybrid_ctx+rerank_base,0.95,0.9165,1.0,"[0.77,1.00]",0.6286
hybrid_ctx+rerank_m3,AUC,0.9538,,,
hybrid_ctx+rerank_m3,0.05,0.9538,0.9231,"[0.67,0.99]",0.0571
hybrid_ctx+rerank_m3,0.1,0.9538,0.9231,"[0.67,0.99]",0.0857
hybrid_ctx+rerank_m3,0.15,0.9538,0.9231,"[0.67,0.99]",0.1143
hybrid_ctx+rerank_m3,0.2,0.9538,0.9231,"[0.67,0.99]",0.1429
hybrid_ctx+rerank_m3,0.25,0.9538,0.9231,"[0.67,0.99]",0.1429
hybrid_ctx+rerank_m3,0.3,0.9538,1.0,"[0.77,1.00]",0.1429
hybrid_ctx+rerank_m3,0.35,0.9538,1.0,"[0.77,1.00]",0.1429
hybrid_ctx+rerank_m3,0.4,0.9538,1.0,"[0.77,1.00]",0.1714
hybrid_ctx+rerank_m3,0.45,0.9538,1.0,"[0.77,1.00]",0.2
hybrid_ctx+rerank_m3,0.5,0.9538,1.0,"[0.77,1.00]",0.2857
hybrid_ctx+rerank_m3,0.55,0.9538,1.0,"[0.77,1.00]",0.3429
hybrid_ctx+rerank_m3,0.6,0.9538,1.0,"[0.77,1.00]",0.4
hybrid_ctx+rerank_m3,0.65,0.9538,1.0,"[0.77,1.00]",0.4286
hybrid_ctx+rerank_m3,0.7,0.9538,1.0,"[0.77,1.00]",0.4571
hybrid_ctx+rerank_m3,0.75,0.9538,1.0,"[0.77,1.00]",0.4571
hybrid_ctx+rerank_m3,0.8,0.9538,1.0,"[0.77,1.00]",0.4857
hybrid_ctx+rerank_m3,0.85,0.9538,1.0,"[0.77,1.00]",0.5714
hybrid_ctx+rerank_m3,0.9,0.9538,1.0,"[0.77,1.00]",0.6286
hybrid_ctx+rerank_m3,0.95,0.9538,1.0,"[0.77,1.00]",0.6571
