config,question_id,question_type,ndcg1,ndcg3,ndcg5,recall5,hit5,mrr
bm25_original,T01Q01,known,0.5,0.7341740173706042,0.8642054753803928,1.0,1.0,1.0
bm25_original,T02Q01,known,0.0,0.6309297535714575,0.6309297535714575,1.0,1.0,0.5
bm25_original,T03Q01,known,0.5,0.8821211986607034,0.8821211986607034,1.0,1.0,1.0
bm25_original,T04Q01,known,1.0,0.9502344167898356,0.9502344167898356,1.0,1.0,1.0
bm25_original,T04Q02,known,1.0,0.7601875334318685,0.7601875334318685,0.5,1.0,1.0
bm25_original,T05Q01,inferred,0.0,0.0,0.0,0.0,0.0,0.0
bm25_original,T08Q01,known,0.5,0.31939394323979897,0.5945049115278096,0.6666666666666666,1.0,1.0
bm25_original,T09Q01,known,1.0,1.0,1.0,1.0,1.0,1.0
bm25_original,T10Q01,known,0.5,0.8597186998521972,0.8597186998521972,1.0,1.0,1.0
bm25_original,T11Q01,known,0.0,0.5209090851403014,0.5209090851403014,0.6666666666666666,1.0,0.5
bm25_original,T11Q02,known,0.0,0.0,0.0,0.0,0.0,0.0
bm25_original,T12Q01,inferred,1.0,1.0,0.8318724637288826,0.75,1.0,1.0
bm25_original,T15Q01,known,1.0,0.8670870086853021,0.8670870086853021,0.6666666666666666,1.0,1.0
bm25_original,T16Q01,known,1.0,0.7601875334318685,0.7601875334318685,0.5,1.0,1.0
bm25_original,T17Q01,known,0.5,0.6387878864795979,0.5615443777322888,0.5,1.0,1.0
bm25_original,T18Q01,known,1.0,0.7984848580994974,0.7984848580994974,0.6666666666666666,1.0,1.0
bm25_original,T18Q02,known,1.0,0.6387878864795979,0.6387878864795979,0.3333333333333333,1.0,1.0
bm25_original,T19Q01,inferred,0.0,0.5307212739772434,0.5296347172140421,0.6,1.0,0.5
bm25_original,T22Q01,known,1.0,1.0,1.0,1.0,1.0,1.0
bm25_original,T23Q01,known,0.0,0.3065735963827292,0.3065735963827292,0.5,1.0,0.3333333333333333
bm25_original,T24Q01,known,0.0,0.0,0.0,0.0,0.0,0.0
bm25_original,T25Q01,known,1.0,1.0,1.0,1.0,1.0,1.0
bm25_original,T25Q02,known,0.0,0.0,0.0,0.0,0.0,0.0
bm25_original,T26Q01,inferred,0.0,0.0,0.0,0.0,0.0,0.0
bm25_original,T29Q01,known,0.5,0.8597186998521972,0.8597186998521972,1.0,1.0,1.0
bm25_original,T30Q01,known,1.0,0.7601875334318685,0.9238850086262381,1.0,1.0,1.0
bm25_original,T30Q02,known,1.0,0.7601875334318685,0.7601875334318685,0.5,1.0,1.0
bm25_original,T31Q01,inferred,1.0,1.0,1.0,1.0,1.0,1.0
bm25_original,T35Q01,known,1.0,1.0,1.0,1.0,1.0,1.0
bm25_original,T36Q01,known,1.0,0.5316519652587917,0.6461369845040973,0.6666666666666666,1.0,1.0
bm25_original,T37Q01,known,0.5,0.31939394323979897,0.31939394323979897,0.3333333333333333,1.0,1.0
bm25_original,T38Q01,known,1.0,1.0,1.0,1.0,1.0,1.0
bm25_original,T39Q01,known,1.0,1.0,1.0,1.0,1.0,1.0
bm25_original,T39Q02,known,1.0,1.0,1.0,1.0,1.0,1.0
bm25_original,T40Q01,inferred,0.0,0.0,0.14606834984270645,0.2,1.0,0.25
dense_original,T01Q01,known,0.5,0.6993694869720469,0.8329762261778096,1.0,1.0,1.0
dense_original,T02Q01,known,0.0,0.6309297535714575,0.6309297535714575,1.0,1.0,0.5
dense_original,T03Q01,known,0.5,0.7224242270408039,0.8599797111848092,1.0,1.0,1.0
dense_original,T04Q01,known,1.0,0.7601875334318685,0.9238850086262381,1.0,1.0,1.0
dense_original,T04Q02,known,1.0,1.0,1.0,1.0,1.0,1.0
dense_original,T05Q01,inferred,0.0,0.2960819109658652,0.4912596920895758,0.6,1.0,0.5
dense_original,T08Q01,known,0.5,0.47909091485969846,0.47909091485969846,0.6666666666666666,1.0,1.0
dense_original,T09Q01,known,0.0,0.6934264036172708,0.6934264036172708,1.0,1.0,0.5
dense_original,T10Q01,known,0.0,0.66967181649423,0.66967181649423,1.0,1.0,0.5
dense_original,T11Q01,known,1.0,0.6387878864795979,0.6387878864795979,0.3333333333333333,1.0,1.0
dense_original,T11Q02,known,0.0,0.0,0.0,0.0,0.0,0.0
dense_original,T12Q01,inferred,0.0,0.5307212739772434,0.44149241373678083,0.5,1.0,0.5
dense_original,T15Q01,known,0.0,0.3354350434265105,0.6555911179039409,1.0,1.0,0.5
dense_original,T16Q01,known,1.0,0.9502344167898356,0.9502344167898356,1.0,1.0,1.0
dense_original,T17Q01,known,0.0,0.0,0.12092199990360372,0.25,1.0,0.25
dense_original,T18Q01,known,0.0,0.0,0.3986694118440367,0.6666666666666666,1.0,0.25
dense_original,T18Q02,known,0.5,0.31939394323979897,0.31939394323979897,0.3333333333333333,1.0,1.0
dense_original,T19Q01,inferred,1.0,0.7039180890341347,0.7860137352654724,0.8,1.0,1.0
dense_original,T22Q01,known,0.5,0.7601875334318685,0.7601875334318685,1.0,1.0,1.0
dense_original,T23Q01,known,1.0,1.0,1.0,1.0,1.0,1.0
dense_original,T24Q01,known,1.0,0.7601875334318685,0.7601875334318685,0.5,1.0,1.0
dense_original,T25Q01,known,1.0,0.7601875334318685,0.9238850086262381,1.0,1.0,1.0
dense_original,T25Q02,known,0.0,0.0,0.0,0.0,0.0,0.0
dense_original,T26Q01,inferred,0.0,0.5307212739772434,0.5147714448836774,0.6,1.0,0.5
dense_original,T29Q01,known,1.0,1.0,1.0,1.0,1.0,1.0
dense_original,T30Q01,known,1.0,1.0,1.0,1.0,1.0,1.0
dense_original,T30Q02,known,1.0,0.9502344167898356,0.9502344167898356,1.0,1.0,1.0
dense_original,T31Q01,inferred,1.0,0.9197207891481876,0.9197207891481876,1.0,1.0,1.0
dense_original,T35Q01,known,1.0,1.0,1.0,1.0,1.0,1.0
dense_original,T36Q01,known,0.0,0.16771752171325524,0.39668756020386675,0.6666666666666666,1.0,0.5
dense_original,T37Q01,known,0.5,0.7224242270408039,0.7224242270408039,0.6666666666666666,1.0,1.0
dense_original,T38Q01,known,1.0,1.0,1.0,1.0,1.0,1.0
dense_original,T39Q01,known,1.0,1.0,1.0,1.0,1.0,1.0
dense_original,T39Q02,known,1.0,1.0,1.0,1.0,1.0,1.0
dense_original,T40Q01,inferred,0.0,0.2960819109658652,0.4912596920895758,0.6,1.0,0.5
bm25_ctx,T01Q01,known,0.5,0.7341740173706042,0.843299870678533,1.0,1.0,1.0
bm25_ctx,T02Q01,known,1.0,1.0,1.0,1.0,1.0,1.0
bm25_ctx,T03Q01,known,0.5,0.8821211986607034,0.8821211986607034,1.0,1.0,1.0
bm25_ctx,T04Q01,known,1.0,0.9502344167898356,0.9502344167898356,1.0,1.0,1.0
bm25_ctx,T04Q02,known,1.0,0.7601875334318685,0.9072278740982787,1.0,1.0,1.0
bm25_ctx,T05Q01,inferred,0.0,0.23463936301137822,0.16958010263680806,0.2,1.0,0.3333333333333333
bm25_ctx,T08Q01,known,0.5,0.31939394323979897,0.5665108303518511,0.6666666666666666,1.0,1.0
bm25_ctx,T09Q01,known,1.0,1.0,1.0,1.0,1.0,1.0
bm25_ctx,T10Q01,known,0.5,0.8597186998521972,0.8597186998521972,1.0,1.0,1.0
bm25_ctx,T11Q01,known,1.0,0.6387878864795979,0.762346330035624,0.6666666666666666,1.0,1.0
bm25_ctx,T11Q02,known,0.0,0.0,0.0,0.0,0.0,0.0
bm25_ctx,T12Q01,inferred,1.0,1.0,0.8318724637288826,0.75,1.0,1.0
bm25_ctx,T15Q01,known,1.0,0.7974779478881874,0.7974779478881874,0.6666666666666666,1.0,1.0
bm25_ctx,T16Q01,known,1.0,0.7601875334318685,0.7601875334318685,0.5,1.0,1.0
bm25_ctx,T17Q01,known,0.5,0.6387878864795979,0.5615443777322888,0.5,1.0,1.0
bm25_ctx,T18Q01,known,1.0,0.6387878864795979,0.7763433706236033,0.6666666666666666,1.0,1.0
bm25_ctx,T18Q02,known,1.0,0.6387878864795979,0.6387878864795979,0.3333333333333333,1.0,1.0
bm25_ctx,T19Q01,inferred,1.0,0.7039180890341347,0.6548086577531307,0.6,1.0,1.0
bm25_ctx,T22Q01,known,1.0,1.0,1.0,1.0,1.0,1.0
bm25_ctx,T23Q01,known,0.0,0.3065735963827292,0.3065735963827292,0.5,1.0,0.3333333333333333
bm25_ctx,T24Q01,known,0.0,0.38009376671593426,0.38009376671593426,0.5,1.0,0.3333333333333333
bm25_ctx,T25Q01,known,1.0,1.0,1.0,1.0,1.0,1.0
bm25_ctx,T25Q02,known,0.0,0.0,0.0,0.0,0.0,0.0
bm25_ctx,T26Q01,inferred,1.0,0.46927872602275644,0.3391602052736161,0.2,1.0,1.0
bm25_ctx,T29Q01,known,0.5,0.8597186998521972,0.8597186998521972,1.0,1.0,1.0
bm25_ctx,T30Q01,known,1.0,0.9502344167898356,0.9502344167898356,1.0,1.0,1.0
bm25_ctx,T30Q02,known,1.0,0.7601875334318685,0.9238850086262381,1.0,1.0,1.0
bm25_ctx,T31Q01,inferred,1.0,1.0,1.0,1.0,1.0,1.0
bm25_ctx,T35Q01,known,1.0,1.0,1.0,1.0,1.0,1.0
bm25_ctx,T36Q01,known,1.0,0.5316519652587917,0.6461369845040973,0.6666666666666666,1.0,1.0
bm25_ctx,T37Q01,known,0.5,0.31939394323979897,0.31939394323979897,0.3333333333333333,1.0,1.0
bm25_ctx,T38Q01,known,1.0,1.0,1.0,1.0,1.0,1.0
bm25_ctx,T39Q01,known,1.0,1.0,1.0,1.0,1.0,1.0
bm25_ctx,T39Q02,known,1.0,1.0,1.0,1.0,1.0,1.0
bm25_ctx,T40Q01,inferred,0.0,0.0,0.0,0.0,0.0,0.0
dense_ctx,T01Q01,known,0.5,0.8670870086853021,0.8807404415317287,1.0,1.0,1.0
dense_ctx,T02Q01,known,1.0,1.0,1.0,1.0,1.0,1.0
dense_ctx,T03Q01,known,1.0,0.8403030283801005,0.9638614719361266,1.0,1.0,1.0
dense_ctx,T04Q01,known,1.0,1.0,1.0,1.0,1.0,1.0
dense_ctx,T04Q02,known,1.0,1.0,1.0,1.0,1.0,1.0
dense_ctx,T05Q01,inferred,0.0,0.5307212739772434,0.38356636737133565,0.4,1.0,0.5
dense_ctx,T08Q01,known,0.0,0.36121211352040195,0.36121211352040195,0.6666666666666666,1.0,0.5
dense_ctx,T09Q01,known,0.0,0.6934264036172708,0.6934264036172708,1.0,1.0,0.5
dense_ctx,T10Q01,known,0.0,0.66967181649423,0.66967181649423,1.0,1.0,0.5
dense_ctx,T11Q01,known,1.0,0.6387878864795979,0.6387878864795979,0.3333333333333333,1.0,1.0
dense_ctx,T11Q02,known,0.0,0.0,0.0,0.0,0.0,0.0
dense_ctx,T12Q01,inferred,1.0,0.7039180890341347,0.75369761125927,0.75,1.0,1.0
dense_ctx,T15Q01,known,1.0,0.6645649565734895,0.8935349950641011,1.0,1.0,1.0
dense_ctx,T16Q01,known,1.0,0.9502344167898356,0.9502344167898356,1.0,1.0,1.0
dense_ctx,T17Q01,known,0.0,0.15969697161989949,0.1403860944330722,0.25,1.0,0.3333333333333333
dense_ctx,T18Q01,known,0.0,0.31939394323979897,0.44295238679582505,0.6666666666666666,1.0,0.3333333333333333
dense_ctx,T18Q02,known,0.0,0.4030302838010049,0.526588727357031,0.6666666666666666,1.0,0.5
dense_ctx,T19Q01,inferred,1.0,0.7039180890341347,0.7860137352654724,0.8,1.0,1.0
dense_ctx,T22Q01,known,0.0,0.19004688335796713,0.5174418337467067,1.0,1.0,0.3333333333333333
dense_ctx,T23Q01,known,1.0,1.0,1.0,1.0,1.0,1.0
dense_ctx,T24Q01,known,0.0,0.4796249331362629,0.4796249331362629,0.5,1.0,0.5
dense_ctx,T25Q01,known,1.0,0.9502344167898356,0.9502344167898356,1.0,1.0,1.0
dense_ctx,T25Q02,known,0.0,0.0,0.0,0.0,0.0,0.0
dense_ctx,T26Q01,inferred,0.0,0.2960819109658652,0.4912596920895758,0.6,1.0,0.5
dense_ctx,T29Q01,known,1.0,1.0,1.0,1.0,1.0,1.0
dense_ctx,T30Q01,known,1.0,1.0,1.0,1.0,1.0,1.0
dense_ctx,T30Q02,known,1.0,0.9502344167898356,0.9502344167898356,1.0,1.0,1.0
dense_ctx,T31Q01,inferred,1.0,0.9197207891481876,0.9197207891481876,1.0,1.0,1.0
dense_ctx,T35Q01,known,1.0,1.0,1.0,1.0,1.0,1.0
dense_ctx,T36Q01,known,1.0,0.6645649565734895,0.6645649565734895,0.6666666666666666,1.0,1.0
dense_ctx,T37Q01,known,0.5,0.8821211986607034,0.8821211986607034,1.0,1.0,1.0
dense_ctx,T38Q01,known,1.0,1.0,1.0,1.0,1.0,1.0
dense_ctx,T39Q01,known,1.0,1.0,1.0,1.0,1.0,1.0
dense_ctx,T39Q02,known,1.0,1.0,1.0,1.0,1.0,1.0
dense_ctx,T40Q01,inferred,0.0,0.2960819109658652,0.4912596920895758,0.6,1.0,0.5
bm25_docfirst,T01Q01,known,1.0,0.5316519652587917,0.4770382338730848,0.25,1.0,1.0
bm25_docfirst,T02Q01,known,0.0,0.0,0.0,0.0,0.0,0.0
bm25_docfirst,T03Q01,known,0.5,0.8821211986607034,0.8821211986607034,1.0,1.0,1.0
bm25_docfirst,T04Q01,known,1.0,1.0,1.0,1.0,1.0,1.0
bm25_docfirst,T04Q02,known,0.0,0.0,0.0,0.0,0.0,0.0
bm25_docfirst,T05Q01,inferred,0.0,0.0,0.27727342735504823,0.4,1.0,0.25
bm25_docfirst,T08Q01,known,0.5,0.6387878864795979,0.6387878864795979,0.6666666666666666,1.0,1.0
bm25_docfirst,T09Q01,known,1.0,1.0,1.0,1.0,1.0,1.0
bm25_docfirst,T10Q01,known,0.5,0.8597186998521972,0.8597186998521972,1.0,1.0,1.0
bm25_docfirst,T11Q01,known,0.0,0.5209090851403014,0.5209090851403014,0.6666666666666666,1.0,0.5
bm25_docfirst,T11Q02,known,0.0,0.0,0.0,0.0,0.0,0.0
bm25_docfirst,T12Q01,inferred,1.0,0.7653606369886217,0.6366824387328317,0.5,1.0,1.0
bm25_docfirst,T15Q01,known,0.0,0.0,0.0,0.0,0.0,0.0
bm25_docfirst,T16Q01,known,0.0,0.0,0.0,0.0,0.0,0.0
bm25_docfirst,T17Q01,known,0.5,0.6387878864795979,0.5615443777322888,0.5,1.0,1.0
bm25_docfirst,T18Q01,known,1.0,0.7984848580994974,0.7984848580994974,0.6666666666666666,1.0,1.0
bm25_docfirst,T18Q02,known,1.0,0.6387878864795979,0.6387878864795979,0.3333333333333333,1.0,1.0
bm25_docfirst,T19Q01,inferred,1.0,1.0,0.7227265726449519,0.6,1.0,1.0
bm25_docfirst,T22Q01,known,0.5,0.38009376671593426,0.38009376671593426,0.5,1.0,1.0
bm25_docfirst,T23Q01,known,0.0,0.3065735963827292,0.3065735963827292,0.5,1.0,0.3333333333333333
bm25_docfirst,T24Q01,known,0.0,0.0,0.0,0.0,0.0,0.0
bm25_docfirst,T25Q01,known,1.0,1.0,1.0,1.0,1.0,1.0
bm25_docfirst,T25Q02,known,0.0,0.0,0.0,0.0,0.0,0.0
bm25_docfirst,T26Q01,inferred,0.0,0.0,0.0,0.0,0.0,0.0
bm25_docfirst,T29Q01,known,0.5,0.8597186998521972,0.8597186998521972,1.0,1.0,1.0
bm25_docfirst,T30Q01,known,1.0,0.7601875334318685,0.9238850086262381,1.0,1.0,1.0
bm25_docfirst,T30Q02,known,1.0,0.7601875334318685,0.7601875334318685,0.5,1.0,1.0
bm25_docfirst,T31Q01,inferred,1.0,1.0,1.0,1.0,1.0,1.0
bm25_docfirst,T35Q01,known,1.0,1.0,1.0,1.0,1.0,1.0
bm25_docfirst,T36Q01,known,0.0,0.0,0.0,0.0,0.0,0.0
bm25_docfirst,T37Q01,known,0.0,0.0,0.0,0.0,0.0,0.0
bm25_docfirst,T38Q01,known,1.0,1.0,1.0,1.0,1.0,1.0
bm25_docfirst,T39Q01,known,1.0,1.0,1.0,1.0,1.0,1.0
bm25_docfirst,T39Q02,known,0.0,0.0,0.0,0.0,0.0,0.0
bm25_docfirst,T40Q01,inferred,0.0,0.2960819109658652,0.36005461457723403,0.4,1.0,0.5
dense_docfirst,T01Q01,known,0.5,0.6993694869720469,0.8329762261778096,1.0,1.0,1.0
dense_docfirst,T02Q01,known,0.0,0.6309297535714575,0.6309297535714575,1.0,1.0,0.5
dense_docfirst,T03Q01,known,0.5,0.7224242270408039,0.8599797111848092,1.0,1.0,1.0
dense_docfirst,T04Q01,known,1.0,0.7601875334318685,0.9238850086262381,1.0,1.0,1.0
dense_docfirst,T04Q02,known,1.0,1.0,1.0,1.0,1.0,1.0
dense_docfirst,T05Q01,inferred,0.0,0.2960819109658652,0.4912596920895758,0.6,1.0,0.5
dense_docfirst,T08Q01,known,0.5,0.47909091485969846,0.47909091485969846,0.6666666666666666,1.0,1.0
dense_docfirst,T09Q01,known,0.0,0.6934264036172708,0.6934264036172708,1.0,1.0,0.5
dense_docfirst,T10Q01,known,0.0,0.66967181649423,0.66967181649423,1.0,1.0,0.5
dense_docfirst,T11Q01,known,1.0,0.6387878864795979,0.6387878864795979,0.3333333333333333,1.0,1.0
dense_docfirst,T11Q02,known,0.0,0.0,0.0,0.0,0.0,0.0
dense_docfirst,T12Q01,inferred,0.0,0.5307212739772434,0.44149241373678083,0.5,1.0,0.5
dense_docfirst,T15Q01,known,0.0,0.3354350434265105,0.6555911179039409,1.0,1.0,0.5
dense_docfirst,T16Q01,known,1.0,0.9502344167898356,0.9502344167898356,1.0,1.0,1.0
dense_docfirst,T17Q01,known,0.0,0.0,0.12092199990360372,0.25,1.0,0.25
dense_docfirst,T18Q01,known,0.0,0.0,0.3986694118440367,0.6666666666666666,1.0,0.25
dense_docfirst,T18Q02,known,0.5,0.31939394323979897,0.31939394323979897,0.3333333333333333,1.0,1.0
dense_docfirst,T19Q01,inferred,1.0,0.7039180890341347,0.7860137352654724,0.8,1.0,1.0
dense_docfirst,T22Q01,known,0.5,0.7601875334318685,0.7601875334318685,1.0,1.0,1.0
dense_docfirst,T23Q01,known,1.0,0.6131471927654584,0.6131471927654584,0.5,1.0,1.0
dense_docfirst,T24Q01,known,1.0,0.7601875334318685,0.7601875334318685,0.5,1.0,1.0
dense_docfirst,T25Q01,known,1.0,0.7601875334318685,0.9238850086262381,1.0,1.0,1.0
dense_docfirst,T25Q02,known,0.0,0.0,0.0,0.0,0.0,0.0
dense_docfirst,T26Q01,inferred,1.0,0.7653606369886217,0.6992148198508501,0.6,1.0,1.0
dense_docfirst,T29Q01,known,1.0,1.0,1.0,1.0,1.0,1.0
dense_docfirst,T30Q01,known,1.0,1.0,1.0,1.0,1.0,1.0
dense_docfirst,T30Q02,known,1.0,0.9502344167898356,0.9502344167898356,1.0,1.0,1.0
dense_docfirst,T31Q01,inferred,0.0,0.38685280723454163,0.38685280723454163,0.5,1.0,0.5
dense_docfirst,T35Q01,known,1.0,1.0,1.0,1.0,1.0,1.0
dense_docfirst,T36Q01,known,0.0,0.16771752171325524,0.39668756020386675,0.6666666666666666,1.0,0.5
dense_docfirst,T37Q01,known,0.5,0.7224242270408039,0.7224242270408039,0.6666666666666666,1.0,1.0
dense_docfirst,T38Q01,known,1.0,1.0,1.0,1.0,1.0,1.0
dense_docfirst,T39Q01,known,1.0,1.0,1.0,1.0,1.0,1.0
dense_docfirst,T39Q02,known,1.0,1.0,1.0,1.0,1.0,1.0
dense_docfirst,T40Q01,inferred,1.0,0.7039180890341347,0.5087403079104241,0.4,1.0,1.0
