question_id,question_type,run,ndcg@1,ndcg@3,ndcg@5,recall@5,hit_rate@5,mrr,num_relevant,num_retrieved
T01Q01,known,bm25-k5-settlein_v4,0.5,0.7342,0.8642,1.0,1.0,1.0,4,5
T02Q01,known,bm25-k5-settlein_v4,0.0,0.6309,0.6309,1.0,1.0,0.5,1,5
T03Q01,known,bm25-k5-settlein_v4,0.5,0.8821,0.8821,1.0,1.0,1.0,3,5
T04Q01,known,bm25-k5-settlein_v4,1.0,0.9502,0.9502,1.0,1.0,1.0,2,5
T04Q02,known,bm25-k5-settlein_v4,1.0,0.7602,0.7602,0.5,1.0,1.0,2,5
T05Q01,inferred,bm25-k5-settlein_v4,0.0,0.0,0.0,0.0,0.0,0.0,5,5
T08Q01,known,bm25-k5-settlein_v4,0.5,0.3194,0.5945,0.6667,1.0,1.0,3,5
T09Q01,known,bm25-k5-settlein_v4,1.0,1.0,1.0,1.0,1.0,1.0,2,5
T10Q01,known,bm25-k5-settlein_v4,0.5,0.8597,0.8597,1.0,1.0,1.0,2,5
T11Q01,known,bm25-k5-settlein_v4,0.0,0.5209,0.5209,0.6667,1.0,0.5,3,5
T11Q02,known,bm25-k5-settlein_v4,0.0,0.0,0.0,0.0,0.0,0.0,3,5
T12Q01,inferred,bm25-k5-settlein_v4,1.0,1.0,0.8319,0.75,1.0,1.0,4,5
T15Q01,known,bm25-k5-settlein_v4,1.0,0.8671,0.8671,0.6667,1.0,1.0,3,5
T16Q01,known,bm25-k5-settlein_v4,1.0,0.7602,0.7602,0.5,1.0,1.0,2,5
T17Q01,known,bm25-k5-settlein_v4,0.5,0.6388,0.5615,0.5,1.0,1.0,4,5
T18Q01,known,bm25-k5-settlein_v4,1.0,0.7985,0.7985,0.6667,1.0,1.0,3,5
T18Q02,known,bm25-k5-settlein_v4,1.0,0.6388,0.6388,0.3333,1.0,1.0,3,5
T19Q01,inferred,bm25-k5-settlein_v4,0.0,0.5307,0.5296,0.6,1.0,0.5,5,5
T22Q01,known,bm25-k5-settlein_v4,1.0,1.0,1.0,1.0,1.0,1.0,2,5
T23Q01,known,bm25-k5-settlein_v4,0.0,0.3066,0.3066,0.5,1.0,0.3333,2,5
T24Q01,known,bm25-k5-settlein_v4,0.0,0.0,0.0,0.0,0.0,0.0,2,5
T25Q01,known,bm25-k5-settlein_v4,1.0,1.0,1.0,1.0,1.0,1.0,2,5
T25Q02,known,bm25-k5-settlein_v4,0.0,0.0,0.0,0.0,0.0,0.0,2,5
T26Q01,inferred,bm25-k5-settlein_v4,0.0,0.0,0.0,0.0,0.0,0.0,5,5
T29Q01,known,bm25-k5-settlein_v4,0.5,0.8597,0.8597,1.0,1.0,1.0,2,5
T30Q01,known,bm25-k5-settlein_v4,1.0,0.7602,0.9239,1.0,1.0,1.0,2,5
T30Q02,known,bm25-k5-settlein_v4,1.0,0.7602,0.7602,0.5,1.0,1.0,2,5
T31Q01,inferred,bm25-k5-settlein_v4,1.0,1.0,1.0,1.0,1.0,1.0,2,5
T35Q01,known,bm25-k5-settlein_v4,1.0,1.0,1.0,1.0,1.0,1.0,1,5
T36Q01,known,bm25-k5-settlein_v4,1.0,0.5317,0.6461,0.6667,1.0,1.0,3,5
T37Q01,known,bm25-k5-settlein_v4,0.5,0.3194,0.3194,0.3333,1.0,1.0,3,5
T38Q01,known,bm25-k5-settlein_v4,1.0,1.0,1.0,1.0,1.0,1.0,1,5
T39Q01,known,bm25-k5-settlein_v4,1.0,1.0,1.0,1.0,1.0,1.0,1,5
T39Q02,known,bm25-k5-settlein_v4,1.0,1.0,1.0,1.0,1.0,1.0,1,5
T40Q01,inferred,bm25-k5-settlein_v4,0.0,0.0,0.1461,0.2,1.0,0.25,5,5
T01Q01,known,dense-k5-settlein_v4,0.5,0.6994,0.833,1.0,1.0,1.0,4,5
T02Q01,known,dense-k5-settlein_v4,0.0,0.6309,0.6309,1.0,1.0,0.5,1,5
T03Q01,known,dense-k5-settlein_v4,0.5,0.7224,0.86,1.0,1.0,1.0,3,5
T04Q01,known,dense-k5-settlein_v4,1.0,0.7602,0.9239,1.0,1.0,1.0,2,5
T04Q02,known,dense-k5-settlein_v4,1.0,1.0,1.0,1.0,1.0,1.0,2,5
T05Q01,inferred,dense-k5-settlein_v4,0.0,0.2961,0.4913,0.6,1.0,0.5,5,5
T08Q01,known,dense-k5-settlein_v4,0.5,0.4791,0.4791,0.6667,1.0,1.0,3,5
T09Q01,known,dense-k5-settlein_v4,0.0,0.6934,0.6934,1.0,1.0,0.5,2,5
T10Q01,known,dense-k5-settlein_v4,0.0,0.6697,0.6697,1.0,1.0,0.5,2,5
T11Q01,known,dense-k5-settlein_v4,1.0,0.6388,0.6388,0.3333,1.0,1.0,3,5
T11Q02,known,dense-k5-settlein_v4,0.0,0.0,0.0,0.0,0.0,0.0,3,5
T12Q01,inferred,dense-k5-settlein_v4,0.0,0.5307,0.4415,0.5,1.0,0.5,4,5
T15Q01,known,dense-k5-settlein_v4,0.0,0.3354,0.6556,1.0,1.0,0.5,3,5
T16Q01,known,dense-k5-settlein_v4,1.0,0.9502,0.9502,1.0,1.0,1.0,2,5
T17Q01,known,dense-k5-settlein_v4,0.0,0.0,0.1209,0.25,1.0,0.25,4,5
T18Q01,known,dense-k5-settlein_v4,0.0,0.0,0.3987,0.6667,1.0,0.25,3,5
T18Q02,known,dense-k5-settlein_v4,0.5,0.3194,0.3194,0.3333,1.0,1.0,3,5
T19Q01,inferred,dense-k5-settlein_v4,1.0,0.7039,0.786,0.8,1.0,1.0,5,5
T22Q01,known,dense-k5-settlein_v4,0.5,0.7602,0.7602,1.0,1.0,1.0,2,5
T23Q01,known,dense-k5-settlein_v4,1.0,1.0,1.0,1.0,1.0,1.0,2,5
T24Q01,known,dense-k5-settlein_v4,1.0,0.7602,0.7602,0.5,1.0,1.0,2,5
T25Q01,known,dense-k5-settlein_v4,1.0,0.7602,0.9239,1.0,1.0,1.0,2,5
T25Q02,known,dense-k5-settlein_v4,0.0,0.0,0.0,0.0,0.0,0.0,2,5
T26Q01,inferred,dense-k5-settlein_v4,0.0,0.5307,0.5148,0.6,1.0,0.5,5,5
T29Q01,known,dense-k5-settlein_v4,1.0,1.0,1.0,1.0,1.0,1.0,2,5
T30Q01,known,dense-k5-settlein_v4,1.0,1.0,1.0,1.0,1.0,1.0,2,5
T30Q02,known,dense-k5-settlein_v4,1.0,0.9502,0.9502,1.0,1.0,1.0,2,5
T31Q01,inferred,dense-k5-settlein_v4,1.0,0.9197,0.9197,1.0,1.0,1.0,2,5
T35Q01,known,dense-k5-settlein_v4,1.0,1.0,1.0,1.0,1.0,1.0,1,5
T36Q01,known,dense-k5-settlein_v4,0.0,0.1677,0.3967,0.6667,1.0,0.5,3,5
T37Q01,known,dense-k5-settlein_v4,0.5,0.7224,0.7224,0.6667,1.0,1.0,3,5
T38Q01,known,dense-k5-settlein_v4,1.0,1.0,1.0,1.0,1.0,1.0,1,5
T39Q01,known,dense-k5-settlein_v4,1.0,1.0,1.0,1.0,1.0,1.0,1,5
T39Q02,known,dense-k5-settlein_v4,1.0,1.0,1.0,1.0,1.0,1.0,1,5
T40Q01,inferred,dense-k5-settlein_v4,0.0,0.2961,0.4913,0.6,1.0,0.5,5,5
